ts,wtid,var001,var002,var003,var004,var005,var006,var007,var008,var009,var010,var011,var012,var013,var014,var015,var016,var017,var018,var019,var020,var021,var022,var023,var024,var025,var026,var027,var028,var029,var030,var031,var032,var033,var034,var035,var036,var037,var038,var039,var040,var041,var042,var043,var044,var045,var046,var047,var048,var049,var050,var051,var052,var053,var054,var055,var056,var057,var058,var059,var060,var061,var062,var063,var064,var065,var066,var067,var068

2018-07-01 00:00:00.449,1,405.37,29.39,53.9,218.0,405.54,33.09,33.09,0.0,59.04,-0.3,33.09,31.14,0.04,33.09,180.27,0,59.13,34.9,-0.79,0,29.29,32.9,0.02,54.5,0.0,0.0,6.12,27.44,32.9,29.1,0.95,0.0,43.29,362.45,54.5,35.59,34.79,404.51,0.02,55.2,0.02,222.0,294.0,29.57,55.09,226.39,0,29.61,-0.01,1.0,31.0,55.5,1,-16.0,31.1,-481.87,31.0,-0.04,-0.79,50.02,175.93,35.09,59.15,29.55,-0.76,0,31.6,10.47

2018-07-01 00:00:07.819,1,405.02,29.39,53.9,225.19,405.02,33.09,33.09,0.0,59.04,-0.31,33.09,31.14,0.04,33.09,182.68,0,59.15,34.9,-0.79,0,29.29,32.9,0.03,54.59,0.0,0.0,5.63,27.34,32.9,29.1,0.23,0.0,43.2,253.19,54.4,35.59,34.79,404.51,0.02,55.2,-0.02,230.0,300.0,29.59,55.09,232.8,0,29.6,-0.01,1.0,31.0,55.4,1,-16.0,31.1,-483.1,31.0,-0.04,-0.79,50.02,178.73,35.09,59.18,29.54,-0.76,0,31.6,10.66

2018-07-01 00:00:15.185,1,404.51,29.39,53.59,224.0,405.54,33.09,33.09,0.0,59.04,-0.3,33.09,31.14,0.04,33.09,180.27,0,59.13,34.9,-0.79,0,29.29,32.9,0.0,54.59,0.0,0.0,5.87,27.34,32.9,29.1,0.45,0.0,43.2,350.1,54.5,35.59,34.79,404.68,0.01,54.79,0.02,227.19,300.0,29.58,55.29,230.39,0,29.62,-0.01,1.0,31.0,55.9,1,-15.0,31.1,-481.87,31.0,-0.03,-0.79,50.02,179.72,35.09,59.17,29.54,-0.76,0,31.6,10.62

2018-07-01 00:00:22.551,1,405.2,29.39,54.0,221.19,405.02,33.09,33.09,0.0,59.03,-0.3,33.09,31.14,0.04,33.09,185.32,0,59.12,34.9,-0.79,0,29.29,32.9,0.01,54.59,0.0,0.0,5.51,27.34,32.9,29.1,0.42,0.0,43.2,267.73,54.5,35.59,34.79,404.85,0.02,55.0,0.02,224.0,296.0,29.58,55.29,229.6,0,29.6,-0.01,1.0,31.0,56.0,1,-13.0,31.1,-481.87,31.0,-0.04,-0.79,50.0,181.03,35.09,59.17,29.54,-0.76,0,31.6,10.58

2018-07-01 00:00:29.918,1,405.2,29.39,53.29,207.6,405.02,33.09,33.09,0.0,59.04,-0.3,33.09,31.14,0.04,33.09,189.94,0,59.11,34.9,-0.79,0,29.29,32.9,0.01,54.5,0.0,0.0,5.28,27.34,32.9,29.1,0.12,0.0,43.29,257.5,54.5,35.59,34.79,404.51,0.04,55.0,-0.02,211.6,276.0,29.6,55.2,214.0,0,29.63,-0.01,1.0,31.0,55.79,1,-15.0,31.1,-483.1,31.0,-0.04,-0.79,50.0,179.54,35.09,59.19,29.54,-0.76,0,31.6,10.29

2018-07-01 00:00:37.284,1,404.68,29.39,53.4,195.19,404.85,33.09,33.09,0.0,59.04,-0.3,33.09,31.14,0.04,33.09,175.21,0,59.1,34.9,-0.79,0,29.29,32.9,0.03,54.5,0.0,0.0,5.85,27.34,32.9,29.1,0.88,0.0,43.29,332.0,54.5,35.59,34.79,403.99,0.04,55.0,0.02,200.0,263.0,29.56,55.29,203.6,0,29.62,-0.01,1.0,31.0,55.79,1,-15.0,31.1,-481.87,31.0,-0.03,-0.79,50.0,184.99,35.09,59.15,29.54,-0.76,0,31.6,10.12

2018-07-01 00:00:44.649,1,404.68,29.39,53.9,181.6,404.85,33.09,33.09,0.0,59.05,-0.3,33.09,31.14,0.04,33.09,160.27,0,59.11,34.9,-0.79,0,29.29,32.9,0.01,54.5,0.0,0.0,5.19,27.34,32.9,29.1,0.72,0.0,43.2,221.54,54.29,35.59,34.79,404.16,0.03,55.29,0.02,186.39,251.0,29.56,55.2,191.19,0,29.62,-0.02,1.0,31.0,55.5,1,-15.0,31.1,-481.87,31.0,-0.04,-0.79,49.97,173.18,35.09,59.17,29.54,-0.76,0,31.6,9.97

2018-07-01 00:00:52.015,1,404.33,29.39,53.29,179.6,404.68,33.09,33.09,0.0,59.04,-0.3,33.09,31.14,0.04,33.09,170.16,0,59.11,34.9,-0.79,0,29.29,32.9,0.0,54.59,0.0,0.0,4.88,27.34,32.9,29.1,-0.82,0.0,43.2,197.65,54.5,35.59,34.79,404.33,0.03,55.29,-0.07,181.6,248.0,29.57,55.09,186.0,0,29.61,-0.01,1.0,31.0,55.59,1,-16.0,31.1,-484.33,31.0,-0.03,-0.79,49.95,170.17,35.09,59.19,29.54,-0.76,0,31.6,9.89

2018-07-01 00:00:59.384,1,404.16,29.39,53.9,159.6,405.02,33.09,33.09,0.0,59.04,-0.3,33.09,31.14,0.04,33.09,182.68,0,59.12,34.9,-0.79,0,29.29,32.9,0.01,54.5,0.0,0.0,4.99,27.34,32.9,29.1,-2.24,0.0,43.2,208.44,54.4,35.59,34.79,404.33,0.04,55.0,0.02,161.6,222.0,29.57,55.2,166.0,0,29.6,-0.01,1.0,31.0,55.79,1,-13.0,31.1,-481.87,31.0,-0.04,-0.79,49.95,171.55,35.09,59.17,29.54,-0.76,0,31.7,9.89

2018-07-01 00:01:06.747,1,404.68,29.39,53.29,166.0,404.68,33.2,33.09,0.0,59.04,-0.3,33.2,31.14,0.04,33.09,176.53,0,59.13,34.9,-0.79,0,29.29,32.9,0.0,54.5,0.0,0.0,5.21,27.34,32.9,29.1,-2.93,0.0,43.2,221.54,54.5,35.59,34.79,403.64,0.0,55.29,0.02,171.19,232.0,29.57,55.09,172.39,0,29.63,0.0,1.0,31.0,55.79,1,-13.0,31.1,-481.87,31.0,-0.03,-0.79,49.95,176.84,35.09,59.15,29.54,-0.76,0,31.7,9.93

2018-07-01 00:01:14.114,1,404.68,29.39,53.4,145.19,404.68,33.2,33.09,0.0,59.03,-0.3,33.2,31.14,0.04,33.09,202.46,0,59.1,34.9,-0.79,0,29.29,32.9,0.0,54.5,0.0,0.0,5.22,27.34,32.9,29.1,-2.43,0.0,43.2,221.54,54.4,35.59,34.79,404.16,0.02,55.4,0.01,150.39,212.0,29.6,55.09,155.6,0,29.6,0.0,1.0,31.0,55.5,1,-15.0,31.1,-481.87,31.0,-0.04,-0.79,49.97,182.25,35.09,59.16,29.54,-0.76,0,31.6,9.86

2018-07-01 00:01:21.475,1,403.82,29.39,53.59,125.59,404.33,33.2,33.09,0.0,59.04,-0.3,33.2,31.14,0.04,33.09,187.52,0,59.14,34.9,-0.79,0,29.29,32.9,0.02,54.5,0.0,0.0,4.49,27.34,32.9,29.1,-2.44,0.0,43.2,166.87,54.4,35.59,34.79,403.64,0.02,55.09,0.01,129.6,181.0,29.57,55.09,131.6,0,29.63,0.0,1.0,31.0,55.5,1,-15.0,31.1,-481.87,31.0,-0.04,-0.79,49.97,174.46,35.09,59.17,29.54,-0.76,0,31.6,9.84

2018-07-01 00:01:28.846,1,404.16,29.39,53.59,138.8,404.51,33.2,33.2,0.0,59.04,-0.3,33.2,31.14,0.04,33.2,157.63,0,59.12,34.9,-0.79,0,29.29,32.9,0.01,54.5,0.0,0.0,4.4,27.34,32.9,29.1,-3.33,0.0,43.2,161.12,54.5,35.59,34.79,403.64,0.03,55.0,0.01,140.8,196.0,29.58,55.2,143.19,0,29.61,-0.01,1.0,31.0,55.9,1,-16.0,31.1,-481.87,31.0,-0.04,-0.79,49.97,169.99,35.09,59.16,29.54,-0.76,0,31.6,10.04

2018-07-01 00:01:36.212,1,404.33,29.39,53.79,153.6,404.51,33.09,33.09,0.0,59.04,-0.3,33.09,31.14,0.04,33.09,200.04,0,59.1,34.9,-0.79,0,29.29,32.9,0.01,54.59,0.0,0.0,4.6,27.34,32.9,29.1,-4.4,0.0,43.29,168.27,54.4,35.59,34.79,403.64,0.04,55.09,0.01,155.6,215.0,29.55,55.2,158.8,0,29.6,0.0,1.0,31.0,55.9,1,-16.0,31.1,-481.87,31.0,-0.04,-0.79,49.97,173.7,35.09,59.19,29.54,-0.76,0,31.6,10.01

2018-07-01 00:01:43.580,1,404.68,29.39,53.79,152.39,404.68,33.2,33.2,0.0,59.04,-0.3,33.2,31.14,0.04,33.2,189.94,0,59.12,34.9,-0.79,0,29.29,32.9,0.0,54.7,0.0,0.0,5.15,27.44,32.9,29.1,-4.61,0.0,43.29,221.54,54.5,35.59,34.79,403.99,0.0,55.29,0.01,158.39,215.0,29.6,55.29,160.0,0,29.6,-0.01,1.0,31.0,55.79,1,-15.0,31.1,-481.87,31.0,-0.03,-0.79,49.99,174.81,35.09,59.19,29.54,-0.76,0,31.6,9.95

2018-07-01 00:01:50.941,1,404.33,29.39,53.29,136.8,404.51,33.2,33.09,0.0,59.04,-0.3,33.2,31.14,0.04,33.09,175.21,0,59.13,34.9,-0.79,0,29.29,32.9,0.01,54.59,0.0,0.0,4.72,27.25,32.9,29.1,-5.22,0.0,43.2,185.35,54.4,35.59,34.79,404.33,0.03,55.09,-0.02,140.8,194.0,29.56,55.09,144.39,0,29.62,-0.01,0.99,31.0,55.4,1,-16.0,31.1,-483.1,31.0,-0.03,-0.79,50.0,170.23,35.09,59.17,29.54,-0.76,0,31.6,9.97

2018-07-01 00:01:58.310,1,404.33,29.39,53.59,128.39,404.51,33.2,33.2,0.0,59.04,-0.3,33.2,31.14,0.04,33.2,157.63,0,59.13,34.9,-0.79,0,29.29,32.9,0.02,54.4,0.0,0.0,4.59,27.44,32.9,29.1,-6.37,0.0,43.29,168.27,54.4,35.59,34.79,403.64,0.01,54.9,0.01,130.39,183.0,29.57,55.0,134.0,0,29.63,-0.01,1.0,31.0,55.5,1,-16.0,31.1,-481.87,31.0,-0.04,-0.79,50.02,168.4,35.09,59.16,29.54,-0.76,0,31.7,9.86

2018-07-01 00:02:05.676,1,404.16,29.39,53.29,133.6,403.99,33.09,33.09,0.0,59.04,-0.3,33.09,31.14,0.04,33.09,177.63,0,59.14,34.9,-0.79,0,29.29,32.9,0.0,54.5,0.0,0.0,4.33,27.34,32.9,29.1,-6.6,0.0,43.2,156.9,54.4,35.59,34.79,403.3,0.04,55.0,0.02,136.8,187.0,29.59,55.09,142.0,0,29.61,-0.01,1.0,31.0,55.59,1,-15.0,31.1,-481.87,31.0,-0.03,-0.79,50.02,177.43,35.09,59.16,29.54,-0.76,0,31.79,9.95

2018-07-01 00:02:13.038,1,407.79,29.39,53.29,148.39,407.79,33.09,33.2,0.0,59.04,-0.3,33.09,31.14,0.04,33.2,165.11,0,59.13,34.9,-0.79,0,29.29,32.9,0.0,54.5,0.0,0.0,4.65,27.34,32.9,29.1,-5.31,0.0,43.2,185.35,54.5,35.59,34.79,407.1,0.04,55.29,0.02,151.19,210.0,29.56,55.2,153.6,0,29.62,-0.01,1.0,31.0,55.9,1,-10.0,31.1,-481.87,31.0,-0.03,-0.79,50.02,180.12,35.09,59.15,29.54,-0.76,0,31.79,10.08

2018-07-01 00:02:20.407,1,408.13,29.39,53.2,166.0,408.48,33.09,33.2,0.0,59.04,-0.3,33.09,31.14,0.04,33.2,194.99,0,59.1,34.9,-0.79,0,29.29,32.9,0.02,54.5,0.0,0.0,4.77,27.34,32.9,29.1,-4.24,0.0,43.29,206.8,54.5,35.59,34.79,407.1,0.01,55.2,0.02,171.19,235.0,29.6,55.09,173.19,0,29.62,-0.01,1.0,31.0,55.59,1,-15.0,31.1,-481.87,31.0,-0.04,-0.79,50.02,181.78,35.09,59.18,29.54,-0.76,0,31.79,9.99

2018-07-01 00:02:27.774,1,407.79,29.39,53.29,148.39,408.13,33.09,33.2,0.0,59.04,-0.3,33.09,31.14,0.04,33.2,174.77,0,59.12,34.9,-0.79,0,29.29,32.9,0.01,54.5,0.0,0.0,4.85,27.34,32.9,29.1,-2.63,0.0,43.2,206.8,54.5,35.59,34.79,407.79,0.02,55.29,0.02,154.39,215.0,29.56,55.09,156.8,0,29.6,0.0,1.0,31.0,55.79,1,-15.0,31.1,-481.87,31.0,-0.04,-0.79,50.0,183.56,35.09,59.15,29.54,-0.76,0,31.79,9.89

2018-07-01 00:02:35.140,1,408.3,29.39,53.4,138.8,408.13,33.09,33.2,0.0,59.02,-0.3,33.09,31.14,0.04,33.2,157.63,0,59.13,34.9,-0.79,0,29.29,32.9,0.02,54.5,0.0,0.0,4.95,27.34,32.9,29.1,-2.82,0.0,43.2,197.65,54.29,35.59,34.79,407.1,0.04,54.79,0.01,145.19,206.0,29.59,55.09,145.19,0,29.61,-0.01,1.0,31.0,55.5,1,-18.0,31.1,-481.87,31.0,-0.04,-0.79,50.0,172.16,35.09,59.18,29.54,-0.76,0,31.79,9.88

2018-07-01 00:02:42.506,1,407.27,29.39,53.29,142.0,408.13,33.2,33.2,0.0,59.04,-0.3,33.2,31.14,0.04,33.2,175.21,0,59.1,34.9,-0.79,0,29.29,32.9,0.0,54.4,0.0,0.0,4.64,27.34,32.9,29.1,-3.84,0.0,43.09,168.27,54.29,35.59,34.79,407.27,0.04,55.09,0.01,147.19,202.0,29.59,55.09,150.39,0,29.6,-0.01,1.0,31.0,55.59,1,-15.0,31.1,-481.87,31.0,-0.04,-0.79,49.99,172.15,35.09,59.16,29.54,-0.76,0,31.79,9.86

2018-07-01 00:02:49.873,1,407.61,29.39,53.29,134.8,407.96,33.09,33.09,0.0,59.04,-0.3,33.09,31.14,0.04,33.09,185.1,0,59.13,34.9,-0.79,0,29.29,32.9,0.0,54.29,0.0,0.0,4.2,27.34,32.9,29.1,-4.48,0.0,43.2,131.52,54.29,35.5,34.79,406.58,0.04,55.0,0.01,134.8,193.0,29.58,55.0,138.0,0,29.64,-0.01,1.0,31.0,55.5,1,-16.0,31.1,-481.87,31.0,-0.03,-0.79,49.95,176.2,35.09,59.16,29.54,-0.76,0,31.79,9.95

2018-07-01 00:02:57.239,1,407.79,29.39,53.5,119.19,407.61,33.09,33.09,0.0,59.03,-0.3,33.09,31.14,0.04,33.09,180.27,0,59.11,34.9,-0.79,0,29.29,32.9,0.02,54.29,0.0,0.0,5.02,27.44,32.9,29.1,-4.5,0.0,43.2,208.44,54.29,35.59,34.79,407.1,0.03,54.79,-0.07,121.19,174.0,29.59,55.0,126.8,0,29.6,-0.01,1.0,31.0,55.5,1,-15.0,31.1,-484.33,31.0,-0.03,-0.79,49.95,177.23,35.09,59.17,29.54,-0.76,0,31.79,9.86

2018-07-01 00:03:04.606,1,407.44,29.39,53.7,112.0,407.79,33.2,33.2,0.0,59.04,-0.3,33.2,31.14,0.04,33.2,172.8,0,59.11,34.9,-0.79,0,29.29,32.9,0.01,54.5,0.0,0.0,4.23,27.34,32.9,29.1,-4.16,0.0,43.29,131.52,54.4,35.5,34.79,406.41,0.01,55.09,-0.02,114.0,166.0,29.59,55.09,119.19,0,29.62,-0.01,0.99,31.0,55.79,1,-19.0,31.1,-483.1,31.0,-0.04,-0.79,49.95,176.65,35.09,59.17,29.54,-0.76,0,31.79,9.97

2018-07-01 00:03:11.970,1,407.61,29.39,53.59,123.19,407.96,33.2,33.2,0.0,59.04,-0.3,33.2,31.14,0.04,33.2,182.68,0,59.1,34.9,-0.79,0,29.29,32.9,0.03,54.5,0.0,0.0,4.17,27.44,32.9,29.1,-4.02,0.0,43.29,131.52,54.2,35.59,34.79,407.27,0.03,55.2,0.02,130.39,184.0,29.59,55.0,134.0,0,29.61,-0.01,1.0,31.0,55.79,1,-13.0,31.1,-481.87,31.0,-0.03,-0.79,49.95,175.36,35.09,59.15,29.53,-0.76,0,31.79,10.1

2018-07-01 00:03:19.336,1,407.79,29.39,53.5,140.0,407.96,33.09,33.2,0.0,59.04,-0.3,33.09,31.14,0.04,33.2,167.74,0,59.13,34.9,-0.79,0,29.29,32.79,0.04,54.5,0.0,0.0,4.74,27.34,32.79,29.1,-3.85,0.0,43.2,185.35,54.29,35.59,34.79,406.58,0.02,55.09,0.02,145.19,199.0,29.56,55.0,146.39,0,29.62,-0.01,1.0,31.0,55.5,1,-15.0,31.1,-481.87,31.0,-0.04,-0.79,49.97,176.44,35.09,59.15,29.54,-0.76,0,31.79,10.04

2018-07-01 00:03:26.703,1,407.96,29.39,53.09,182.39,407.96,33.2,33.2,0.0,59.04,-0.3,33.2,31.14,0.04,33.2,170.16,0,59.1,34.9,-0.79,0,29.29,32.9,0.01,54.4,0.0,0.0,5.27,27.34,32.9,29.1,-3.22,0.0,43.2,257.5,54.29,35.5,34.79,407.1,0.04,55.0,0.02,187.6,253.0,29.56,54.9,190.0,0,29.64,0.0,1.0,31.0,55.4,1,-15.0,31.1,-481.87,31.0,-0.03,-0.79,49.97,180.99,35.09,59.18,29.54,-0.76,0,31.79,10.17

2018-07-01 00:03:34.068,1,407.27,29.39,53.5,197.19,408.13,33.09,33.09,0.0,59.04,-0.31,33.09,31.14,0.04,33.09,192.79,0,59.09,34.9,-0.79,0,29.2,32.79,0.02,54.29,0.0,0.0,6.04,27.34,32.79,29.1,-1.71,0.01,43.29,391.95,54.29,35.5,34.79,407.1,0.02,54.79,0.02,204.39,268.0,29.58,55.09,205.6,0,29.65,-0.02,1.0,31.0,55.5,1,-13.0,31.1,-481.87,31.0,-0.04,-0.79,49.99,188.48,35.09,59.17,29.54,-0.76,0,31.79,10.17

2018-07-01 00:03:41.434,1,407.96,29.39,53.79,197.19,408.13,33.09,33.09,0.0,59.04,-0.3,33.09,31.14,0.04,33.09,189.94,0,59.14,34.9,-0.79,0,29.29,32.79,0.04,54.4,0.0,0.0,5.92,27.34,32.79,29.1,0.12,0.0,43.29,350.1,54.29,35.5,34.79,407.27,0.03,55.0,0.02,203.19,272.0,29.56,55.09,204.39,0,29.62,-0.01,1.0,31.0,55.59,1,-12.0,31.1,-481.87,31.0,-0.04,-0.79,50.0,186.4,35.09,59.18,29.54,-0.76,0,31.7,10.25

2018-07-01 00:03:48.799,1,407.96,29.39,53.59,228.39,408.48,33.09,33.09,0.0,59.05,-0.3,33.09,31.14,0.04,33.09,169.5,0,59.12,34.9,-0.79,0,29.29,32.79,0.01,54.29,0.0,0.0,6.22,27.34,32.79,29.1,0.57,0.0,43.29,376.54,54.29,35.59,34.79,407.1,0.03,55.2,0.02,233.19,308.0,29.55,55.0,236.8,0,29.63,-0.01,1.0,31.0,55.59,1,-16.0,31.1,-481.87,31.0,-0.04,-0.79,50.02,179.72,35.09,59.16,29.54,-0.76,0,31.7,10.7

2018-07-01 00:03:56.163,1,407.79,29.39,53.79,251.19,408.13,33.2,33.09,0.0,59.04,-0.3,33.2,31.14,0.04,33.09,185.1,0,59.12,34.9,-0.79,0,29.29,32.79,0.01,54.5,0.0,0.0,5.86,27.25,32.79,29.1,0.34,0.0,43.2,350.1,54.5,35.5,34.79,407.96,0.03,54.79,-0.07,253.19,337.0,29.55,55.09,257.6,0,29.61,-0.01,1.0,31.0,55.79,1,-16.0,31.1,-484.33,31.0,-0.04,-0.79,50.02,180.54,35.09,59.17,29.54,-0.76,0,31.6,10.98

2018-07-01 00:04:03.534,1,408.3,29.39,53.9,242.8,408.48,33.09,33.09,0.0,59.04,-0.3,33.09,31.14,0.04,33.09,172.8,0,59.1,34.9,-0.79,0,29.29,32.79,0.01,54.5,0.0,0.0,5.47,27.34,32.79,29.1,0.47,0.0,43.29,267.73,54.29,35.5,34.79,407.44,0.01,55.09,0.02,248.0,325.0,29.58,55.0,252.39,0,29.64,-0.01,1.0,31.0,55.59,1,-15.0,31.1,-481.87,31.0,-0.04,-0.79,50.02,180.5,35.09,59.18,29.54,-0.76,0,31.6,10.83

2018-07-01 00:04:10.899,1,407.96,29.39,53.4,230.39,407.96,33.09,33.09,0.0,59.04,-0.29,33.09,31.14,0.04,33.09,195.21,0,59.12,34.9,-0.79,0,29.29,32.9,0.0,54.29,0.0,0.0,5.78,27.34,32.9,29.1,0.72,0.0,43.2,332.0,54.29,35.5,34.79,407.44,0.01,55.2,-0.07,235.19,314.0,29.58,55.0,240.8,0,29.63,-0.01,1.0,31.0,55.2,1,-18.0,31.1,-484.33,31.0,-0.03,-0.79,50.0,184.1,35.09,59.19,29.54,-0.76,0,31.5,10.75

2018-07-01 00:04:18.264,1,407.27,29.39,53.79,225.19,407.96,33.2,33.09,0.0,59.04,-0.3,33.2,31.14,0.04,33.09,187.52,0,59.1,34.9,-0.79,0,29.29,32.79,0.01,54.5,0.0,0.0,5.79,27.25,32.79,29.1,1.4,0.0,43.2,332.0,54.29,35.5,34.79,407.27,0.03,54.7,0.02,230.0,305.0,29.59,55.2,231.6,0,29.62,-0.01,1.0,31.0,55.79,1,-13.0,31.1,-481.87,31.0,-0.04,-0.79,49.99,184.68,35.09,59.19,29.54,-0.76,0,31.5,10.68

2018-07-01 00:04:25.630,1,407.79,29.39,53.79,224.0,407.79,33.09,33.2,0.0,59.04,-0.3,33.09,31.14,0.04,33.2,200.04,0,59.12,34.9,-0.79,0,29.29,32.9,0.0,54.5,0.0,0.0,5.67,27.25,32.9,29.1,2.87,0.0,43.2,323.45,54.5,35.5,34.79,406.92,0.01,54.79,-0.02,229.19,302.0,29.58,55.0,231.6,0,29.6,-0.01,1.0,31.0,55.79,1,-16.0,31.1,-483.1,31.0,-0.04,-0.79,49.95,190.79,35.09,59.16,29.54,-0.76,0,31.6,10.57

2018-07-01 00:04:32.997,1,407.1,29.39,53.79,227.19,407.96,33.2,33.09,0.0,59.04,-0.3,33.2,31.14,0.04,33.09,182.68,0,59.12,34.9,-0.79,0,29.29,32.9,0.0,54.4,0.0,0.0,6.15,27.25,32.9,29.1,3.99,0.0,43.2,376.54,54.4,35.5,34.79,407.44,0.04,54.79,-0.07,230.0,303.0,29.59,55.2,232.8,0,29.62,-0.01,1.0,31.0,55.79,1,-15.0,31.1,-484.33,31.0,-0.04,-0.79,49.95,185.73,35.09,59.19,29.54,-0.76,0,31.6,10.66

2018-07-01 00:04:40.363,1,407.79,29.39,53.09,227.19,407.96,33.2,33.09,0.0,59.04,-0.3,33.2,31.14,0.04,33.09,165.54,0,59.12,34.9,-0.79,0,29.29,32.9,0.01,54.29,0.0,0.0,5.43,27.34,32.9,29.1,3.87,0.0,43.09,269.11,54.29,35.5,34.79,406.75,0.04,55.2,0.02,236.39,307.0,29.56,55.09,238.0,0,29.6,-0.01,1.0,31.0,55.29,1,-16.0,31.1,-481.87,31.0,-0.04,-0.79,49.95,178.81,35.09,59.17,29.54,-0.76,0,31.6,10.73

2018-07-01 00:04:47.728,1,407.79,29.39,53.29,236.39,407.96,33.2,33.09,0.0,59.03,-0.3,33.2,31.14,0.04,33.09,197.63,0,59.11,34.9,-0.79,0,29.29,32.9,0.0,54.29,0.0,0.0,5.78,27.34,32.9,29.1,2.99,0.0,43.29,332.0,54.29,35.5,34.79,407.44,0.03,55.0,-0.02,242.8,322.0,29.57,55.09,245.19,0,29.62,-0.01,1.0,31.0,55.5,1,-16.0,31.1,-483.1,31.0,-0.04,-0.79,49.97,181.79,35.09,59.18,29.53,-0.76,0,31.6,10.86

2018-07-01 00:04:55.095,1,407.61,29.39,53.79,257.2,408.13,33.2,33.09,0.0,59.04,-0.3,33.2,31.25,0.04,33.09,177.63,0,59.11,34.9,-0.79,0,29.29,32.9,0.02,54.5,0.0,0.0,6.03,27.25,32.9,29.1,2.71,0.0,43.29,391.95,54.4,35.5,34.79,407.96,0.03,54.79,-0.02,262.39,346.0,29.55,55.09,266.0,0,29.63,-0.01,1.0,31.0,55.79,1,-13.0,31.1,-483.1,31.0,-0.04,-0.79,49.95,180.25,35.09,59.15,29.54,-0.76,0,31.6,11.16

2018-07-01 00:05:02.457,1,407.79,29.39,53.0,276.0,408.3,33.2,33.09,0.0,59.04,-0.3,33.2,31.14,0.04,33.09,172.8,0,59.12,34.9,-0.79,0,29.29,32.9,0.0,54.2,0.0,0.0,6.37,27.25,32.9,29.1,2.29,0.0,43.09,449.58,54.2,35.5,34.79,407.79,0.01,55.09,0.02,280.0,369.0,29.58,55.0,283.6,0,29.61,-0.01,1.0,31.0,55.2,1,-15.0,31.1,-481.87,31.0,-0.04,-0.79,49.97,179.98,35.09,59.18,29.53,-0.76,0,31.6,11.35

2018-07-01 00:05:09.827,1,407.61,29.39,53.9,276.0,408.13,33.2,33.09,0.0,59.04,-0.3,33.2,31.14,0.04,33.09,182.9,0,59.1,34.9,-0.79,0,29.29,32.9,0.04,54.5,0.0,0.0,5.96,27.25,32.9,29.1,2.36,0.0,43.29,391.95,54.4,35.5,34.79,406.75,0.01,54.79,0.02,280.0,366.0,29.57,55.0,283.6,0,29.64,0.0,1.0,31.0,55.79,1,-18.0,31.1,-481.87,31.0,-0.04,-0.79,49.97,184.9,35.09,59.18,29.54,-0.76,0,31.6,11.35

2018-07-01 00:05:17.193,1,407.27,29.39,53.5,275.2,408.3,33.09,33.09,0.0,59.04,-0.3,33.09,31.14,0.04,33.09,175.21,0,59.11,34.9,-0.79,0,29.29,32.9,0.02,54.29,0.0,0.0,6.21,27.34,32.9,29.1,3.25,0.0,43.29,376.54,54.2,35.5,34.79,407.1,0.02,54.7,0.02,280.0,368.0,29.58,55.0,280.39,0,29.61,-0.01,0.99,31.0,55.4,1,-16.0,31.1,-481.87,31.0,-0.04,-0.79,49.99,188.05,35.09,59.18,29.54,-0.76,0,31.6,11.31

2018-07-01 00:05:24.559,1,408.3,29.39,53.0,274.0,408.13,33.2,33.09,0.0,59.04,-0.3,33.2,31.14,0.04,33.09,182.68,0,59.13,34.9,-0.79,0,29.29,32.9,0.03,54.29,0.0,0.0,6.43,27.34,32.9,29.1,3.5,0.0,43.09,449.58,54.2,35.5,34.79,407.27,0.02,55.09,0.02,276.79,363.0,29.54,55.0,281.6,0,29.62,0.0,1.0,31.0,55.4,1,-16.0,31.1,-481.87,31.0,-0.04,-0.79,50.0,183.2,35.09,59.19,29.54,-0.76,0,31.6,11.35

2018-07-01 00:05:31.924,1,408.13,29.29,53.09,272.0,408.65,33.2,33.09,0.0,59.04,-0.3,33.2,31.14,0.04,33.09,195.21,0,59.12,34.9,-0.79,0,29.2,32.9,0.0,54.29,0.0,0.0,6.37,27.25,32.9,29.1,4.4,0.0,43.2,449.58,54.2,35.5,34.79,407.27,0.04,55.09,0.01,276.79,363.0,29.55,55.0,280.39,0,29.64,0.0,1.0,31.0,55.2,1,-15.0,31.1,-481.87,31.0,-0.03,-0.79,50.02,190.97,35.09,59.16,29.54,-0.76,0,31.6,11.33

2018-07-01 00:05:39.291,1,408.13,29.39,53.09,277.2,408.3,33.09,33.2,0.0,59.02,-0.31,33.09,31.25,0.04,33.2,202.46,0,59.11,34.9,-0.79,0,29.29,32.9,0.01,54.29,0.0,0.0,6.31,27.25,32.9,29.1,5.65,0.0,43.2,426.04,54.29,35.5,34.79,407.79,0.03,55.09,-0.07,283.2,369.0,29.55,55.09,285.6,0,29.61,0.0,1.0,31.0,55.59,1,-18.0,31.1,-484.33,31.0,-0.04,-0.79,50.02,190.62,35.09,59.18,29.54,-0.76,0,31.6,11.41

2018-07-01 00:05:46.657,1,408.3,29.29,53.0,266.79,408.82,33.09,33.2,0.0,59.03,-0.3,33.09,31.25,0.04,33.2,175.21,0,59.11,34.9,-0.79,0,29.29,32.9,0.0,54.29,0.0,0.0,6.03,27.25,32.9,29.1,6.08,0.0,43.29,391.95,54.4,35.5,34.79,407.27,0.04,55.09,-0.03,276.0,359.0,29.58,55.09,277.2,0,29.61,-0.01,1.0,31.0,55.29,1,-16.0,31.1,-483.1,31.0,-0.04,-0.79,50.02,184.24,35.09,59.15,29.54,-0.76,0,31.7,11.26

2018-07-01 00:05:54.022,1,408.65,29.29,53.79,246.0,408.3,33.2,33.2,0.0,59.06,-0.3,33.2,31.25,0.04,33.2,177.63,0,59.12,34.9,-0.79,0,29.2,32.9,0.02,54.4,0.0,0.0,5.85,27.25,32.9,29.1,5.23,0.0,43.2,332.0,54.2,35.5,34.79,407.61,0.04,54.79,-0.03,250.0,333.0,29.54,55.0,253.6,0,29.61,-0.01,1.0,31.0,55.59,1,-15.0,31.1,-483.1,31.0,-0.04,-0.79,50.02,180.53,35.09,59.15,29.54,-0.76,0,31.7,11.03

2018-07-01 00:06:01.385,1,408.3,29.29,53.79,226.39,408.3,33.2,33.09,0.0,59.04,-0.3,33.2,31.25,0.04,33.09,175.21,0,59.11,34.9,-0.79,0,29.2,33.0,0.0,54.5,0.0,0.0,5.58,27.34,33.0,29.1,4.77,0.0,43.2,253.19,54.29,35.5,34.79,407.79,0.03,54.9,0.01,228.0,307.0,29.57,55.0,230.39,0,29.61,-0.01,1.0,31.0,55.7,1,-15.0,31.1,-481.87,31.0,-0.04,-0.79,50.0,183.39,35.09,59.15,29.54,-0.76,0,31.7,10.66

2018-07-01 00:06:08.755,1,407.79,29.29,53.79,205.6,407.96,33.09,33.09,0.0,59.04,-0.3,33.09,31.25,0.04,33.09,185.32,0,59.11,35.0,-0.79,0,29.2,33.0,0.02,54.4,0.0,0.0,5.16,27.25,33.0,29.1,4.14,0.0,43.2,221.54,54.4,35.5,34.79,407.27,0.02,55.2,0.01,210.39,282.0,29.55,55.09,212.8,0,29.6,-0.01,1.0,31.0,55.79,1,-16.0,31.1,-481.87,31.0,-0.03,-0.79,49.97,185.09,35.09,59.16,29.54,-0.76,0,31.7,10.44

2018-07-01 00:06:16.119,1,407.61,29.29,53.59,188.8,408.48,33.2,33.2,0.0,59.04,-0.3,33.2,31.25,0.04,33.2,187.74,0,59.11,34.9,-0.79,0,29.29,33.0,0.02,54.5,0.0,0.0,5.26,27.25,33.0,29.1,5.04,0.0,43.29,257.5,54.5,35.5,34.79,407.1,0.03,55.29,0.01,194.8,264.0,29.58,55.09,198.39,0,29.61,-0.01,1.0,31.0,55.79,1,-18.0,31.1,-481.87,31.0,-0.03,-0.79,49.95,192.61,35.09,59.19,29.54,-0.76,0,31.6,10.14

2018-07-01 00:06:23.608,1,407.79,29.29,53.59,181.6,408.13,33.2,33.2,0.0,59.04,-0.3,33.2,31.25,0.04,33.2,180.27,0,59.12,34.9,-0.79,0,29.2,33.0,0.02,54.5,0.0,0.0,5.37,27.25,33.0,29.1,6.45,0.0,43.2,269.11,54.4,35.5,34.79,407.1,0.03,55.2,0.01,188.8,257.0,29.58,55.09,193.19,0,29.62,-0.01,1.0,31.0,55.79,1,-16.0,31.1,-481.87,31.0,-0.04,-0.79,49.95,187.98,35.09,59.2,29.54,-0.76,0,31.6,9.99

2018-07-01 00:06:30.976,1,407.79,29.29,53.79,171.19,408.3,33.09,33.2,0.0,59.03,-0.29,33.09,31.25,0.04,33.2,184.44,0,59.12,34.9,-0.79,0,29.29,33.0,0.0,54.29,0.0,0.0,5.27,27.34,33.0,29.1,6.39,0.0,43.2,257.5,54.29,35.5,34.79,407.44,0.01,55.29,-0.03,175.19,238.0,29.57,55.09,177.6,0,29.62,-0.01,1.0,31.0,55.79,1,-15.0,31.1,-483.1,31.0,-0.04,-0.79,49.95,183.96,35.09,59.15,29.54,-0.76,0,31.6,9.95

2018-07-01 00:06:38.360,1,407.27,29.29,53.29,166.0,408.13,33.09,33.2,0.0,59.03,-0.3,33.09,31.25,0.04,33.2,182.68,0,59.12,34.9,-0.79,0,29.29,33.0,0.03,54.29,0.0,0.0,4.66,27.34,33.0,29.1,6.07,0.0,43.2,185.35,54.4,35.5,34.79,406.75,0.0,54.79,-0.03,171.19,235.0,29.57,55.09,175.6,0,29.6,-0.02,1.0,31.0,55.4,1,-16.0,31.1,-483.1,31.0,-0.04,-0.79,49.95,184.34,35.09,59.17,29.54,-0.76,0,31.6,9.89

2018-07-01 00:06:45.767,1,407.61,29.29,53.2,180.39,408.13,33.2,33.2,0.0,59.04,-0.3,33.2,31.14,0.04,33.2,177.63,0,59.13,35.0,-0.79,0,29.2,33.0,0.0,54.4,0.0,0.0,5.34,27.25,33.0,29.1,6.0,0.0,43.2,257.5,54.29,35.5,34.79,407.1,0.03,54.79,0.01,188.8,256.0,29.57,55.0,193.19,0,29.62,-0.01,1.0,31.0,55.4,1,-15.0,31.1,-481.87,31.0,-0.04,-0.79,49.95,185.07,35.09,59.17,29.54,-0.76,0,31.6,10.04

2018-07-01 00:06:53.131,1,407.44,29.29,53.2,179.6,407.79,33.09,33.2,0.0,59.04,-0.3,33.09,31.14,0.04,33.2,180.27,0,59.12,35.0,-0.79,0,29.29,33.0,0.02,54.29,0.0,0.0,5.3,27.25,33.0,29.1,5.66,0.0,43.2,257.5,54.2,35.5,34.79,407.27,0.01,54.9,0.02,187.6,250.0,29.56,55.0,188.0,0,29.61,-0.01,1.0,31.0,55.2,1,-15.0,31.1,-481.87,31.0,-0.03,-0.79,49.97,184.99,35.09,59.16,29.54,-0.76,0,31.6,9.97

2018-07-01 00:07:00.498,1,407.79,29.29,53.79,179.6,407.79,33.2,33.29,0.0,59.04,-0.28,33.2,31.25,0.04,33.29,180.27,0,59.13,34.9,-0.79,0,29.29,33.0,0.02,54.29,0.0,0.0,5.17,27.25,33.0,29.1,5.24,0.0,43.2,221.54,54.29,35.5,34.79,407.27,0.01,55.09,0.01,185.6,250.0,29.57,55.09,188.8,0,29.64,0.0,1.0,31.0,55.59,1,-16.0,31.1,-481.87,31.0,-0.04,-0.79,50.0,182.72,35.09,59.16,29.54,-0.76,0,31.6,9.93

2018-07-01 00:07:07.878,1,407.61,29.29,53.7,182.39,407.96,33.2,33.29,0.0,59.05,-0.3,33.2,31.25,0.04,33.29,197.63,0,59.14,34.9,-0.79,0,29.2,33.0,0.02,54.29,0.0,0.0,5.47,27.25,33.0,29.1,5.23,0.0,43.2,267.73,54.4,35.5,34.79,406.92,0.04,55.0,0.01,186.39,253.0,29.57,55.0,192.0,0,29.61,-0.01,1.0,31.0,55.5,1,-13.0,31.1,-481.87,31.0,-0.03,-0.79,50.0,190.69,35.09,59.18,29.54,-0.76,0,31.6,9.99

2018-07-01 00:07:15.230,1,407.61,29.29,53.59,181.6,407.96,33.2,33.29,0.0,59.04,-0.3,33.2,31.25,0.04,33.29,192.79,0,59.1,34.9,-0.79,0,29.2,33.0,0.0,54.29,0.0,0.0,5.59,27.14,33.0,29.1,5.98,0.0,43.2,253.19,54.2,35.5,34.79,406.92,0.03,55.2,0.02,187.6,253.0,29.58,55.0,193.19,0,29.6,-0.01,1.0,31.0,55.4,1,-15.0,31.1,-481.87,31.0,-0.04,-0.79,50.02,187.07,35.09,59.18,29.54,-0.76,0,31.6,9.95

2018-07-01 00:07:22.619,1,406.92,29.29,53.4,164.0,407.96,33.2,33.29,0.0,59.04,-0.3,33.2,31.14,0.04,33.29,182.68,0,59.11,34.9,-0.79,0,29.2,33.0,0.02,54.4,0.0,0.0,5.69,27.25,33.0,29.1,6.69,0.0,43.2,323.45,54.4,35.5,34.79,407.1,0.03,54.79,0.02,168.8,231.0,29.59,55.09,171.19,0,29.62,0.0,1.0,31.0,55.79,1,-16.0,31.1,-481.87,31.0,-0.04,-0.79,50.02,190.97,35.09,59.18,29.54,-0.76,0,31.7,9.82

2018-07-01 00:07:29.983,1,407.1,29.29,53.0,152.39,408.13,33.2,33.29,0.0,59.04,-0.3,33.2,31.14,0.04,33.29,192.79,0,59.13,34.9,-0.79,0,29.2,33.0,0.0,54.29,0.0,0.0,5.43,27.34,33.0,29.1,7.11,0.0,43.2,269.11,54.29,35.5,34.79,407.1,0.03,55.2,-0.02,158.39,218.0,29.59,55.0,160.0,0,29.62,-0.01,1.0,31.0,55.29,1,-15.0,31.1,-483.1,31.0,-0.03,-0.79,50.02,189.83,35.09,59.17,29.54,-0.76,0,31.6,9.86

2018-07-01 00:07:37.388,1,407.61,29.29,53.0,184.8,408.13,33.09,33.29,0.0,59.03,-0.3,33.09,31.14,0.04,33.29,180.27,0,59.1,34.9,-0.79,0,29.2,33.0,0.01,54.29,0.0,0.0,5.57,27.14,33.0,29.1,7.13,0.0,43.2,253.19,54.29,35.5,34.79,406.92,0.03,54.79,0.02,187.6,250.0,29.57,55.0,193.19,0,29.61,0.0,1.0,31.0,55.59,1,-13.0,31.1,-481.87,31.0,-0.04,-0.79,50.0,183.34,35.09,59.18,29.55,-0.76,0,31.7,10.08

2018-07-01 00:07:44.761,1,407.61,29.29,53.0,199.19,407.96,33.09,33.29,0.0,59.05,-0.3,33.09,31.14,0.04,33.29,197.63,0,59.14,34.9,-0.79,0,29.2,33.0,0.01,54.29,0.0,0.0,5.69,27.14,33.0,29.1,5.44,0.0,43.09,323.45,54.29,35.5,34.79,407.27,0.02,55.09,0.02,203.19,277.0,29.55,55.0,207.6,0,29.62,-0.01,1.0,31.0,55.29,1,-12.0,31.1,-481.87,31.0,-0.04,-0.79,49.97,175.67,35.09,59.18,29.54,-0.76,0,31.7,10.25

2018-07-01 00:07:52.120,1,406.92,29.29,53.79,207.6,407.61,33.09,33.29,0.0,59.04,-0.3,33.09,31.25,0.04,33.29,167.96,0,59.11,35.0,-0.79,0,29.2,33.0,0.0,54.29,0.0,0.0,5.78,27.34,33.0,29.1,3.59,0.0,43.2,332.0,54.29,35.5,34.79,407.1,0.01,54.7,0.02,214.8,287.0,29.56,54.9,216.0,0,29.64,-0.01,1.0,31.0,55.59,1,-18.0,31.1,-481.87,31.0,-0.04,-0.79,49.95,175.23,35.09,59.18,29.54,-0.76,0,31.7,10.47

2018-07-01 00:07:59.486,1,407.61,29.29,53.7,204.39,407.61,33.09,33.29,0.0,59.04,-0.3,33.09,31.25,0.04,33.29,195.21,0,59.13,34.9,-0.79,0,29.2,33.0,0.01,54.29,0.0,0.0,5.34,27.25,33.0,29.1,2.1,0.0,43.2,257.5,54.29,35.5,34.79,406.75,0.04,54.79,-0.02,210.39,282.0,29.59,54.9,212.8,0,29.6,-0.01,1.0,31.0,55.5,1,-16.0,31.1,-483.1,31.0,-0.04,-0.79,49.95,176.17,35.09,59.17,29.54,-0.76,0,31.7,10.38

2018-07-01 00:08:06.872,1,407.27,29.29,53.7,202.39,407.96,33.09,33.29,0.0,59.04,-0.3,33.09,31.14,0.04,33.29,182.68,0,59.11,34.9,-0.79,0,29.2,33.0,0.01,54.29,0.0,0.0,5.31,27.25,33.0,29.1,1.26,0.0,43.09,257.5,54.29,35.5,34.79,406.75,0.04,54.79,0.01,205.19,273.0,29.58,54.9,207.6,0,29.62,-0.01,1.0,31.0,55.79,1,-16.0,31.1,-481.87,31.0,-0.03,-0.79,49.95,181.99,35.09,59.2,29.54,-0.76,0,31.6,10.21

2018-07-01 00:08:14.262,1,406.92,29.29,53.59,192.8,407.79,33.2,33.29,0.0,59.05,-0.3,33.2,31.14,0.04,33.29,177.63,0,59.13,34.9,-0.79,0,29.2,33.0,0.0,54.29,0.0,0.0,5.57,27.34,33.0,29.1,1.14,0.0,43.2,253.19,54.09,35.5,34.79,406.58,0.04,54.7,0.01,200.0,267.0,29.57,55.0,204.39,0,29.61,-0.01,1.0,31.0,55.5,1,-13.0,31.1,-481.87,31.0,-0.04,-0.79,49.95,179.17,35.09,59.19,29.54,-0.76,0,31.6,10.14

2018-07-01 00:08:21.621,1,407.27,29.29,53.29,190.8,407.96,33.09,33.29,0.0,59.04,-0.3,33.09,31.14,0.04,33.29,175.21,0,59.12,34.9,-0.79,0,29.2,33.0,0.01,54.2,0.0,0.0,5.09,27.25,33.0,29.1,1.21,0.0,43.09,215.17,54.29,35.5,34.79,406.75,0.01,55.09,0.02,194.8,262.0,29.59,55.0,199.19,0,29.61,-0.01,1.0,31.0,55.5,1,-13.0,31.1,-481.87,31.0,-0.04,-0.79,49.95,183.17,35.09,59.16,29.54,-0.76,0,31.6,10.04

2018-07-01 00:08:29.010,1,407.27,29.29,53.4,183.6,407.79,33.09,33.29,0.0,59.05,-0.3,33.09,31.14,0.04,33.29,192.57,0,59.13,34.9,-0.79,0,29.2,33.0,0.0,54.29,0.0,0.0,5.46,27.25,33.0,29.1,2.84,0.0,43.2,267.73,54.29,35.5,34.79,406.23,0.04,54.79,0.02,186.39,254.0,29.58,54.9,190.0,0,29.6,-0.01,1.0,31.0,55.29,1,-13.0,31.1,-481.87,31.0,-0.04,-0.79,49.95,193.03,35.09,59.16,29.54,-0.76,0,31.6,9.99

2018-07-01 00:08:36.377,1,407.61,29.29,53.29,184.8,407.96,33.09,33.29,0.0,59.04,-0.3,33.09,31.25,0.04,33.29,195.21,0,59.12,34.9,-0.79,0,29.2,33.0,0.02,54.29,0.0,0.0,5.32,27.34,33.0,29.1,5.03,0.0,43.2,257.5,54.2,35.5,34.79,407.27,0.03,54.9,0.01,190.8,255.0,29.55,54.9,192.0,0,29.62,-0.01,1.0,31.0,55.2,1,-15.0,31.1,-481.87,31.0,-0.04,-0.79,49.97,194.66,35.09,59.18,29.54,-0.76,0,31.6,10.08

2018-07-01 00:08:43.742,1,407.27,29.29,53.59,182.39,408.13,33.09,33.29,0.0,59.04,-0.3,33.09,31.25,0.04,33.29,185.32,0,59.12,34.9,-0.79,0,29.2,33.0,0.0,54.29,0.0,0.0,5.41,27.25,33.0,29.1,6.01,0.0,43.2,269.11,54.2,35.5,34.79,407.27,0.04,54.9,0.01,189.6,253.0,29.55,55.0,192.0,0,29.62,0.0,1.0,31.0,55.7,1,-15.0,31.1,-481.87,31.0,-0.03,-0.79,49.99,183.59,35.09,59.18,29.54,-0.76,0,31.7,9.93

2018-07-01 00:08:51.148,1,407.44,29.29,53.2,154.39,407.79,33.09,33.29,0.0,59.04,-0.3,33.09,31.14,0.04,33.29,172.8,0,59.12,34.9,-0.79,0,29.2,33.0,0.01,54.2,0.0,0.0,4.85,27.25,33.0,29.1,4.98,0.0,43.09,206.8,54.29,35.5,34.79,407.1,0.01,55.0,0.01,158.39,216.0,29.56,55.0,160.0,0,29.63,-0.01,1.0,31.0,55.5,1,-15.0,31.1,-481.87,31.0,-0.04,-0.79,50.0,180.11,35.09,59.16,29.54,-0.76,0,31.7,9.82

2018-07-01 00:08:58.536,1,407.61,29.29,53.0,146.39,408.13,33.09,33.2,0.0,59.04,-0.3,33.09,31.14,0.04,33.2,182.68,0,59.12,35.0,-0.79,0,29.2,33.0,0.0,54.2,0.0,0.0,5.1,27.14,33.0,29.1,4.51,0.0,43.2,215.17,54.2,35.5,34.79,406.92,0.03,55.0,-0.03,149.19,209.0,29.59,55.0,152.39,0,29.64,0.0,1.0,31.0,55.5,1,-13.0,31.1,-483.1,31.0,-0.04,-0.79,50.0,182.46,35.09,59.19,29.54,-0.76,0,31.7,9.89

2018-07-01 00:09:05.900,1,407.79,29.29,53.2,153.6,407.96,33.09,33.2,0.0,59.04,-0.3,33.09,31.25,0.04,33.2,200.04,0,59.11,34.9,-0.79,0,29.2,33.0,0.02,54.2,0.0,0.0,5.15,27.25,33.0,29.1,3.71,0.0,43.09,221.54,54.29,35.5,34.79,406.92,0.05,55.0,-0.07,157.6,215.0,29.58,55.0,162.0,0,29.6,0.0,1.0,31.0,55.59,1,-16.0,31.1,-484.33,31.0,-0.04,-0.79,50.0,182.0,35.09,59.16,29.53,-0.76,0,31.79,9.97

2018-07-01 00:09:13.291,1,407.27,29.29,53.5,151.6,408.13,33.09,33.2,0.0,59.04,-0.3,33.09,31.14,0.04,33.2,175.21,0,59.12,34.9,-0.79,0,29.2,33.0,0.03,54.29,0.0,0.0,4.98,27.25,33.0,29.1,3.2,0.0,43.2,208.44,54.29,35.5,34.79,407.27,0.04,55.0,-0.03,158.39,220.0,29.58,54.79,162.0,0,29.62,-0.01,1.0,31.0,55.5,1,-16.0,31.1,-483.1,31.0,-0.04,-0.79,50.02,179.42,35.09,59.16,29.54,-0.76,0,31.7,9.95

2018-07-01 00:09:20.660,1,407.79,29.29,53.29,144.0,407.96,33.2,33.2,0.0,59.04,-0.3,33.2,31.14,0.04,33.2,202.24,0,59.11,34.9,-0.79,0,29.2,33.0,0.02,54.29,0.0,0.0,4.88,27.34,33.0,29.1,3.17,0.0,43.2,197.65,54.29,35.5,34.79,407.44,0.04,55.0,-0.07,148.0,207.0,29.57,55.0,152.39,0,29.61,-0.01,1.0,31.0,55.5,1,-10.0,31.1,-484.33,31.0,-0.03,-0.79,50.02,186.53,35.09,59.16,29.54,-0.76,0,31.7,10.03

2018-07-01 00:09:28.020,1,406.92,29.29,53.59,142.0,407.96,33.09,33.2,0.0,59.03,-0.29,33.09,31.14,0.04,33.2,190.37,0,59.13,35.0,-0.79,0,29.2,33.0,0.03,54.29,0.0,0.0,4.96,27.14,33.0,29.1,3.76,0.0,43.09,208.44,54.2,35.5,34.79,407.1,0.01,55.0,0.02,146.0,207.0,29.55,55.0,150.39,0,29.6,-0.01,1.0,31.0,55.79,1,-16.0,31.1,-481.87,31.0,-0.04,-0.79,50.02,185.92,35.09,59.16,29.54,-0.76,0,31.6,9.93

2018-07-01 00:09:35.424,1,407.61,29.29,53.2,156.8,407.79,33.2,33.2,0.0,59.04,-0.3,33.2,31.14,0.04,33.2,172.8,0,59.12,34.9,-0.79,0,29.2,33.0,0.0,54.2,0.0,0.0,5.14,27.34,33.0,29.1,4.48,0.01,43.2,215.17,54.09,35.5,34.79,407.1,0.04,54.59,-0.07,163.6,218.0,29.56,54.79,165.19,0,29.63,0.0,1.0,31.0,55.09,1,-18.0,31.1,-484.33,31.0,-0.04,-0.79,50.02,186.57,35.09,59.2,29.54,-0.76,0,31.6,10.01

2018-07-01 00:09:42.791,1,407.27,29.29,53.09,134.8,407.96,33.2,33.2,0.0,59.03,-0.3,33.2,31.14,0.04,33.2,162.91,0,59.11,34.9,-0.79,0,29.2,33.0,0.0,54.29,0.0,0.0,4.95,27.25,33.0,29.1,4.12,0.0,43.09,197.65,54.09,35.4,34.79,406.92,0.04,54.59,-0.07,140.0,190.0,29.58,54.9,141.19,0,29.64,-0.02,1.0,31.0,55.2,1,-16.0,31.1,-484.33,31.0,-0.03,-0.79,50.0,180.03,35.09,59.16,29.54,-0.76,0,31.6,9.8

2018-07-01 00:09:50.200,1,407.27,29.29,53.09,113.19,407.61,33.09,33.2,0.0,59.04,-0.3,33.09,31.14,0.04,33.2,185.54,0,59.11,34.9,-0.79,0,29.2,33.0,0.0,54.29,0.0,0.0,4.5,27.25,33.0,29.1,3.14,0.0,43.09,166.87,54.29,35.5,34.79,406.75,0.01,54.9,-0.07,119.19,166.0,29.55,55.0,122.4,0,29.61,-0.01,0.99,31.0,55.59,1,-18.0,31.1,-484.33,31.0,-0.04,-0.79,50.0,179.94,35.09,59.16,29.54,-0.76,0,31.6,9.95

2018-07-01 00:09:57.564,1,406.92,29.29,53.29,110.0,407.44,33.09,33.2,0.0,59.06,-0.3,33.09,31.25,0.04,33.2,165.11,0,59.14,35.0,-0.79,0,29.2,33.0,0.0,54.2,0.0,0.0,4.26,27.34,33.0,29.1,2.26,0.0,43.2,156.9,54.09,35.5,34.79,406.41,0.02,54.7,-0.02,114.0,163.0,29.59,54.79,120.4,0,29.62,-0.01,0.99,31.0,55.2,1,-18.0,31.1,-483.1,31.0,-0.04,-0.79,49.95,176.34,35.09,59.17,29.54,-0.76,0,31.6,9.89

2018-07-01 00:10:04.969,1,407.44,29.29,53.29,100.4,407.61,33.09,33.2,0.0,59.04,-0.3,33.09,31.14,0.04,33.2,180.27,0,59.11,35.0,-0.79,0,29.2,33.0,0.02,54.2,0.0,0.0,4.56,27.25,33.0,29.1,1.59,0.0,43.2,168.27,54.09,35.5,34.79,406.75,0.02,55.09,0.02,105.59,155.0,29.56,55.0,108.0,0,29.6,0.0,1.0,31.0,55.59,1,-16.0,31.1,-481.87,31.0,-0.04,-0.79,49.95,181.64,35.09,59.17,29.54,-0.76,0,31.6,9.93

2018-07-01 00:10:12.335,1,406.92,29.29,53.2,101.59,407.61,33.09,33.2,0.0,59.04,-0.3,33.09,31.25,0.04,33.2,185.32,0,59.11,34.9,-0.79,0,29.2,33.0,0.0,54.09,0.0,0.0,4.47,27.34,33.0,29.1,2.24,0.0,43.2,166.87,54.09,35.5,34.79,406.41,0.04,54.7,-0.02,108.8,155.0,29.58,54.7,108.8,0,29.6,-0.01,0.99,31.1,55.2,1,-15.0,31.1,-483.1,31.0,-0.04,-0.79,49.95,188.55,35.09,59.17,29.54,-0.76,0,31.6,9.95

2018-07-01 00:10:19.701,1,406.75,29.29,53.0,120.4,407.96,33.09,33.2,0.0,59.04,-0.3,33.09,31.25,0.04,33.2,175.21,0,59.14,34.9,-0.79,0,29.2,33.0,0.01,54.09,0.0,0.0,4.96,27.34,33.0,29.1,3.41,0.0,43.09,208.44,54.09,35.5,34.79,406.75,0.04,54.59,-0.02,124.4,173.0,29.58,54.79,128.8,0,29.6,0.0,0.99,31.0,55.4,1,-19.0,31.1,-483.1,31.0,-0.04,-0.79,49.95,185.42,35.09,59.2,29.54,-0.76,0,31.6,10.04

2018-07-01 00:10:27.067,1,406.92,29.29,53.29,124.4,407.44,33.09,33.2,0.0,59.03,-0.3,33.09,31.25,0.04,33.2,175.21,0,59.14,34.9,-0.79,0,29.2,33.0,0.03,54.09,0.0,0.0,4.87,27.34,33.0,29.1,4.13,0.0,43.2,197.65,54.09,35.5,34.79,407.1,0.01,54.59,-0.02,132.8,187.0,29.58,54.79,134.0,0,29.61,-0.01,0.99,31.0,55.09,1,-18.0,31.1,-483.1,31.0,-0.04,-0.79,49.97,187.05,35.09,59.18,29.54,-0.76,0,31.6,9.97

2018-07-01 00:10:34.428,1,407.44,29.29,53.0,126.4,407.61,33.09,33.2,0.0,59.04,-0.3,33.09,31.14,0.04,33.2,194.99,0,59.11,34.9,-0.79,0,29.2,33.0,0.0,54.2,0.0,0.0,5.06,27.25,33.0,29.1,4.48,0.0,43.2,215.17,54.2,35.5,34.79,406.75,0.01,54.59,-0.02,130.39,186.0,29.57,54.9,134.8,0,29.61,-0.01,1.0,31.0,55.29,1,-15.0,31.1,-483.1,31.0,-0.05,-0.79,49.99,183.38,35.09,59.16,29.54,-0.76,0,31.7,9.89

2018-07-01 00:10:41.801,1,407.1,29.29,53.09,108.0,407.79,33.09,33.2,0.0,59.04,-0.3,33.09,31.14,0.04,33.2,189.94,0,59.11,35.0,-0.79,0,29.2,33.0,0.01,54.0,0.0,0.0,4.44,27.25,33.0,29.1,4.67,0.0,43.09,161.12,54.2,35.4,34.79,407.1,0.02,54.59,-0.02,112.8,160.0,29.57,54.7,117.19,0,29.6,0.0,0.99,31.0,55.2,1,-16.0,31.1,-483.1,31.0,-0.04,-0.79,50.0,188.71,35.09,59.2,29.54,-0.76,0,31.6,9.86

2018-07-01 00:10:49.165,1,407.27,29.29,53.29,108.0,407.79,33.09,33.2,0.0,59.03,-0.3,33.09,31.14,0.04,33.2,185.1,0,59.12,34.9,-0.79,0,29.2,33.0,0.01,54.2,0.0,0.0,4.6,27.34,33.0,29.1,6.54,0.0,43.2,168.27,54.09,35.4,34.79,407.1,0.02,54.79,-0.07,112.8,163.0,29.56,54.9,116.4,0,29.6,-0.01,1.0,31.0,55.5,1,-16.0,31.1,-484.33,31.0,-0.04,-0.79,50.02,194.9,35.09,59.18,29.54,-0.76,0,31.7,9.97

2018-07-01 00:10:56.530,1,407.27,29.29,53.4,122.4,407.61,33.09,33.09,0.0,59.04,-0.3,33.09,31.14,0.04,33.09,202.46,0,59.12,34.9,-0.79,0,29.2,33.0,0.01,54.09,0.0,0.0,4.57,27.34,33.0,29.1,8.19,0.0,43.2,168.27,54.09,35.5,34.79,406.75,0.04,54.9,0.02,124.4,180.0,29.57,54.59,128.8,0,29.61,0.0,0.99,31.0,55.29,1,-15.0,31.1,-481.87,31.0,-0.04,-0.79,50.02,196.17,35.09,59.16,29.53,-0.76,0,31.6,9.99

2018-07-01 00:11:03.897,1,407.27,29.29,52.79,136.0,407.96,33.09,33.09,0.0,59.04,-0.3,33.09,31.14,0.04,33.09,187.74,0,59.13,34.9,-0.79,0,29.2,33.0,0.03,54.09,0.0,0.0,4.32,27.34,33.0,29.1,9.87,0.0,43.09,156.9,54.2,35.4,34.79,407.1,0.02,54.5,0.02,145.19,203.0,29.56,54.79,148.39,0,29.63,0.0,1.0,31.0,55.5,1,-19.0,31.1,-481.87,31.0,-0.04,-0.79,50.02,194.96,35.09,59.15,29.53,-0.76,0,31.5,9.99

2018-07-01 00:11:11.263,1,407.27,29.29,53.2,108.8,407.44,33.09,33.2,0.0,59.04,-0.3,33.09,31.14,0.04,33.2,180.49,0,59.11,35.0,-0.79,0,29.2,33.0,0.01,54.0,0.0,0.0,4.51,27.34,33.0,29.1,10.39,0.0,43.09,166.87,54.09,35.5,34.79,406.41,0.02,55.0,0.02,117.19,169.0,29.55,54.59,119.19,0,29.62,-0.02,1.0,31.0,55.0,1,-15.0,31.1,-481.87,31.0,-0.04,-0.79,50.02,189.88,35.09,59.19,29.54,-0.76,0,31.5,9.86

2018-07-01 00:11:18.629,1,407.1,29.29,52.79,101.59,407.61,33.09,33.09,0.0,59.02,-0.3,33.09,31.14,0.04,33.09,200.04,0,59.14,35.0,-0.79,0,29.2,33.0,0.02,54.0,0.0,0.0,4.84,27.25,33.0,29.1,10.49,0.0,43.2,206.8,54.09,35.4,34.79,406.41,0.04,54.9,0.02,106.8,152.0,29.55,54.59,110.0,0,29.62,-0.02,0.99,31.0,55.29,1,-18.0,31.1,-481.87,31.0,-0.04,-0.79,50.0,191.32,35.09,59.16,29.54,-0.76,0,31.39,9.88

2018-07-01 00:11:25.996,1,406.92,29.29,53.0,103.59,407.61,33.09,33.09,0.0,59.04,-0.3,33.09,31.14,0.04,33.09,189.94,0,59.11,34.9,-0.79,0,29.2,33.0,0.02,54.09,0.0,0.0,4.9,27.34,33.0,29.1,10.52,0.0,43.2,197.65,54.09,35.4,34.79,406.58,0.03,54.5,-0.02,107.59,160.0,29.57,54.7,113.19,0,29.61,-0.01,1.0,31.0,55.09,1,-13.0,31.1,-483.1,31.0,-0.04,-0.79,50.0,190.71,35.09,59.18,29.54,-0.76,0,31.29,10.03

2018-07-01 00:11:33.361,1,406.58,29.29,53.29,108.8,407.27,33.09,33.09,0.0,59.05,-0.3,33.09,31.14,0.04,33.09,180.27,0,59.1,35.0,-0.79,0,29.2,33.0,0.01,54.09,0.0,0.0,4.51,27.34,33.0,29.1,9.97,0.0,43.2,166.87,54.09,35.4,34.79,406.41,0.01,54.59,0.02,114.0,166.0,29.58,54.79,118.4,0,29.62,-0.01,0.99,31.0,55.59,1,-15.0,31.1,-481.87,31.0,-0.02,-0.79,49.97,185.69,35.09,59.18,29.54,-0.76,0,31.29,10.03

2018-07-01 00:11:40.727,1,406.92,29.29,52.79,106.8,407.1,33.09,33.09,0.0,59.04,-0.3,33.09,31.25,0.04,33.09,172.8,0,59.14,34.9,-0.79,0,29.2,33.0,0.0,54.09,0.0,0.0,4.24,27.34,33.0,29.1,8.84,0.0,43.2,131.52,54.09,35.4,34.79,405.89,0.02,54.7,0.02,112.8,160.0,29.58,54.59,116.4,0,29.6,-0.01,0.99,31.0,55.09,1,-18.0,31.1,-481.87,31.0,-0.03,-0.79,49.95,183.17,35.09,59.17,29.54,-0.76,0,31.39,10.03

2018-07-01 00:11:48.093,1,407.27,29.29,53.0,133.6,407.61,33.09,33.09,0.0,59.04,-0.3,33.09,31.14,0.04,33.09,187.52,0,59.12,34.9,-0.79,0,29.2,33.0,0.0,54.0,0.0,0.0,4.42,27.34,33.0,29.1,7.63,0.0,43.2,161.12,54.0,35.5,34.79,407.1,0.03,54.79,0.02,138.0,190.0,29.56,54.59,142.0,0,29.62,-0.01,1.0,31.0,55.0,1,-15.0,31.1,-481.87,31.0,-0.03,-0.79,49.95,183.74,35.09,59.15,29.54,-0.76,0,31.29,10.08

2018-07-01 00:11:55.456,1,407.1,29.29,53.09,177.19,407.96,33.09,33.09,0.0,59.03,-0.3,33.09,31.14,0.04,33.09,197.63,0,59.12,35.0,-0.79,0,29.2,33.0,0.0,54.0,0.0,0.0,5.09,27.34,33.0,29.1,6.59,0.0,43.09,215.17,54.09,35.4,34.79,407.27,0.01,54.5,0.02,182.39,250.0,29.56,54.79,186.8,0,29.64,-0.01,1.0,31.0,55.4,1,-16.0,31.1,-481.87,31.0,-0.04,-0.79,49.95,184.57,35.09,59.18,29.54,-0.76,0,31.39,10.25

2018-07-01 00:12:02.825,1,407.61,29.29,52.79,190.0,407.96,33.09,33.09,0.0,59.03,-0.3,33.09,31.14,0.04,33.09,182.68,0,59.13,34.9,-0.79,0,29.2,33.0,0.02,54.0,0.0,0.0,5.66,27.25,33.0,29.1,6.12,0.0,43.2,323.45,54.0,35.5,34.79,406.75,0.02,54.9,-0.02,191.6,261.0,29.57,54.59,197.19,0,29.62,-0.02,1.0,31.1,54.9,1,-16.0,31.1,-483.1,31.0,-0.04,-0.79,49.95,184.95,35.09,59.19,29.53,-0.76,0,31.39,10.01

2018-07-01 00:12:10.190,1,407.44,29.29,53.0,179.6,407.96,33.09,33.09,0.0,59.05,-0.3,33.09,31.14,0.04,33.09,185.1,0,59.13,35.0,-0.79,0,29.2,33.0,0.0,54.09,0.0,0.0,5.35,27.25,33.0,29.1,5.78,0.0,43.2,256.72,54.0,35.5,34.79,407.27,0.03,54.79,0.02,182.39,251.0,29.57,54.59,188.0,0,29.63,-0.01,1.0,31.0,55.09,1,-16.0,31.1,-481.87,31.0,-0.03,-0.79,49.95,184.83,35.09,59.17,29.54,-0.76,0,31.39,9.99

2018-07-01 00:12:17.557,1,407.27,29.29,52.79,176.39,407.79,33.09,33.09,0.0,59.04,-0.3,33.09,31.14,0.04,33.09,195.21,0,59.11,34.9,-0.79,0,29.2,33.0,0.03,54.09,0.0,0.0,5.94,27.34,33.0,29.1,5.52,0.0,43.2,350.1,54.0,35.5,34.79,406.75,0.04,54.5,0.03,183.6,245.0,29.57,54.79,186.8,0,29.61,-0.01,1.0,31.0,55.29,1,-16.0,31.1,-481.87,31.0,-0.03,-0.79,49.95,186.61,35.09,59.19,29.54,-0.76,0,31.39,10.01

2018-07-01 00:12:24.922,1,407.79,29.29,52.7,182.39,407.96,33.09,33.09,0.0,59.04,-0.3,33.09,31.14,0.04,33.09,202.46,0,59.13,34.9,-0.79,0,29.2,33.0,0.01,54.0,0.0,0.0,5.74,27.25,33.0,29.1,6.51,0.0,43.2,323.45,54.0,35.4,34.79,407.44,0.05,54.59,0.02,186.39,254.0,29.57,54.79,192.0,0,29.63,-0.01,1.0,31.0,55.09,1,-13.0,31.1,-481.87,31.0,-0.04,-0.79,49.97,192.57,35.09,59.15,29.54,-0.76,0,31.5,9.97

2018-07-01 00:12:32.290,1,407.61,29.29,53.29,174.39,407.96,33.09,33.09,0.0,59.04,-0.3,33.09,31.14,0.04,33.09,180.93,0,59.11,35.0,-0.79,0,29.2,33.0,0.02,54.0,0.0,0.0,5.06,27.34,33.0,29.1,6.96,0.01,43.2,215.17,54.09,35.4,34.79,407.27,0.02,54.5,-0.07,179.19,239.0,29.58,54.7,181.6,0,29.62,-0.02,1.0,31.0,55.2,1,-15.0,31.1,-484.33,31.0,-0.03,-0.79,50.0,184.73,35.09,59.17,29.54,-0.76,0,31.5,9.88

2018-07-01 00:12:39.656,1,406.92,29.29,53.2,129.6,407.96,33.09,33.09,0.0,59.04,-0.3,33.09,31.14,0.04,33.09,207.51,0,59.12,35.0,-0.79,0,29.2,33.0,0.02,54.0,0.0,0.0,4.88,27.25,33.0,29.1,7.63,0.0,43.29,197.65,54.0,35.4,34.79,407.1,0.0,54.79,-0.02,132.8,189.0,29.56,54.59,136.0,0,29.62,-0.02,1.0,31.0,54.9,1,-13.0,31.1,-483.1,31.0,-0.03,-0.79,50.02,196.74,35.09,59.2,29.54,-0.76,0,31.5,9.69

2018-07-01 00:12:47.022,1,406.92,29.29,53.29,127.59,407.96,33.09,33.09,0.0,59.04,-0.3,33.09,31.14,0.04,33.09,187.74,0,59.13,34.9,-0.79,0,29.2,33.0,0.04,54.0,0.0,0.0,5.13,27.25,33.0,29.1,10.31,0.01,43.09,215.17,53.9,35.4,34.79,406.58,0.04,54.59,-0.07,132.8,179.0,29.56,54.59,134.8,0,29.63,-0.02,0.99,31.0,55.0,1,-15.0,31.1,-484.33,31.0,-0.03,-0.79,50.02,199.43,35.09,59.15,29.54,-0.76,0,31.5,9.95

2018-07-01 00:12:54.387,1,407.1,29.29,52.79,142.0,407.79,33.09,33.09,0.0,59.04,-0.3,33.09,31.14,0.04,33.09,192.57,0,59.12,35.0,-0.79,0,29.2,33.0,0.01,53.9,0.0,0.0,4.84,27.25,33.0,29.1,11.79,0.0,43.2,206.8,53.9,35.4,34.79,407.1,0.01,54.79,0.02,146.0,207.0,29.6,54.59,151.6,0,29.61,-0.01,1.0,31.0,54.9,1,-13.0,31.1,-481.87,31.0,-0.03,-0.79,50.02,197.82,35.09,59.15,29.54,-0.76,0,31.5,9.97

2018-07-01 00:13:01.754,1,407.79,29.29,52.79,143.19,407.96,33.09,33.09,0.0,59.04,-0.3,33.09,31.14,0.04,33.09,207.51,0,59.12,34.9,-0.79,0,29.2,33.0,0.02,53.9,0.0,0.0,5.36,27.25,33.0,29.1,12.87,0.0,43.2,269.11,54.0,35.4,34.79,407.1,0.03,54.7,-0.02,148.0,206.0,29.58,54.59,149.6,0,29.6,-0.01,1.0,31.0,55.29,1,-13.0,31.1,-483.1,31.0,-0.04,-0.79,50.02,197.54,35.09,59.16,29.54,-0.76,0,31.5,9.95

2018-07-01 00:13:09.123,1,407.96,29.29,53.29,138.8,408.13,33.09,33.09,0.0,59.03,-0.3,33.09,31.14,0.04,33.09,185.32,0,59.13,35.0,-0.79,0,29.2,33.0,0.02,54.09,0.0,0.0,5.33,27.34,33.0,29.1,13.62,0.0,43.2,256.72,54.0,35.4,34.79,407.1,0.02,54.79,0.02,145.19,199.0,29.59,54.79,148.39,0,29.63,-0.01,1.0,31.0,55.09,1,-15.0,31.1,-481.87,31.0,-0.04,-0.79,50.02,191.52,35.09,59.16,29.53,-0.76,0,31.6,9.88

2018-07-01 00:13:16.487,1,407.44,29.29,52.79,129.6,407.96,33.09,33.09,0.0,59.04,-0.3,33.09,31.14,0.04,33.09,187.52,0,59.1,34.9,-0.79,0,29.2,33.0,0.01,54.0,0.0,0.0,4.73,27.34,33.0,29.1,12.71,0.0,43.09,185.35,54.0,35.4,34.79,407.27,0.04,54.7,0.02,133.6,187.0,29.56,54.7,138.0,0,29.62,0.0,0.99,31.0,55.0,1,-18.0,31.1,-481.87,31.0,-0.04,-0.79,50.0,188.02,35.09,59.2,29.54,-0.76,0,31.5,9.89

2018-07-01 00:13:23.852,1,407.61,29.29,53.09,129.6,407.79,33.09,33.09,0.0,59.02,-0.3,33.09,31.14,0.04,33.09,205.1,0,59.11,34.9,-0.79,0,29.2,33.0,0.01,54.0,0.0,0.0,4.98,27.34,33.0,29.1,12.04,0.0,43.2,208.44,53.9,35.4,34.79,407.27,0.03,54.5,-0.02,135.6,184.0,29.59,54.5,139.19,0,29.62,-0.01,1.0,31.1,55.09,1,-18.0,31.1,-483.1,31.0,-0.03,-0.79,50.0,187.82,35.09,59.17,29.56,-0.76,0,31.5,9.97

2018-07-01 00:13:31.218,1,406.92,29.29,53.4,141.19,407.96,33.09,33.09,0.0,59.03,-0.3,33.09,31.14,0.04,33.09,165.11,0,59.11,35.0,-0.79,0,29.2,33.0,0.01,54.0,0.0,0.0,4.9,27.34,33.0,29.1,10.85,0.0,43.2,197.65,53.9,35.4,34.79,406.92,0.03,54.5,0.02,145.19,198.0,29.57,54.7,147.19,0,29.61,-0.01,1.0,31.0,55.09,1,-15.0,31.1,-481.87,31.0,-0.04,-0.79,50.0,183.8,35.09,59.17,29.54,-0.76,0,31.5,9.95

2018-07-01 00:13:38.584,1,407.27,29.29,52.79,129.6,407.96,33.09,33.09,0.0,59.03,-0.3,33.09,31.14,0.04,33.09,185.32,0,59.1,34.9,-0.79,0,29.2,33.0,0.0,53.9,0.0,0.0,4.81,27.25,33.0,29.1,9.76,0.0,43.09,206.8,54.09,35.4,34.79,406.58,0.03,54.59,0.02,132.8,189.0,29.56,54.59,136.8,0,29.6,0.0,1.0,31.0,55.2,1,-16.0,31.1,-481.87,31.0,-0.04,-0.79,50.0,186.91,35.09,59.16,29.54,-0.76,0,31.5,9.97

2018-07-01 00:13:45.950,1,407.61,29.29,53.0,124.4,407.44,33.09,33.09,0.0,59.04,-0.3,33.09,31.14,0.04,33.09,195.21,0,59.11,35.0,-0.79,0,29.2,33.0,0.01,53.9,0.0,0.0,5.21,27.34,33.0,29.1,9.35,0.0,43.09,221.54,54.0,35.4,34.79,406.75,0.03,54.4,0.02,130.39,186.0,29.56,54.5,134.8,0,29.62,0.0,1.0,31.0,54.9,1,-18.0,31.1,-481.87,31.0,-0.04,-0.79,49.99,188.68,35.09,59.18,29.54,-0.76,0,31.5,9.89

2018-07-01 00:13:53.315,1,406.75,29.29,53.29,95.19,407.61,33.09,33.09,0.0,59.05,-0.3,33.09,31.14,0.04,33.09,175.87,0,59.13,35.0,-0.79,0,29.2,33.0,0.03,54.0,0.0,0.0,4.45,27.34,33.0,29.1,9.16,0.0,43.09,161.12,54.0,35.5,34.79,406.92,0.03,54.7,-0.02,102.4,148.0,29.55,54.59,103.59,0,29.62,-0.01,0.99,31.1,55.29,1,-16.0,31.1,-483.1,31.0,-0.04,-0.79,49.97,187.04,35.09,59.16,29.54,-0.76,0,31.5,9.73

2018-07-01 00:14:00.682,1,406.41,29.29,53.0,72.4,407.61,33.09,33.09,0.0,59.04,-0.3,33.09,31.14,0.04,33.09,185.32,0,59.1,34.9,-0.79,0,29.2,33.0,0.0,53.79,0.0,0.0,3.99,27.25,33.0,29.1,9.01,0.0,43.09,117.21,53.9,35.4,34.79,406.41,0.03,54.5,-0.02,74.4,112.0,29.57,54.5,77.59,0,29.63,-0.01,0.99,31.0,55.09,1,-16.0,31.1,-483.1,31.0,-0.04,-0.79,49.97,190.67,35.09,59.15,29.54,-0.76,0,31.6,9.84

2018-07-01 00:14:08.048,1,407.61,29.29,52.79,100.4,407.44,33.09,33.09,0.0,59.04,-0.3,33.09,31.14,0.04,33.09,200.04,0,59.1,34.9,-0.79,0,29.2,33.0,0.0,53.79,0.0,0.0,4.38,27.34,33.0,29.1,9.26,0.0,43.09,161.12,53.79,35.4,34.79,406.58,0.02,54.5,0.02,103.59,150.0,29.58,54.5,111.19,0,29.62,0.0,0.99,31.0,54.9,1,-16.0,31.1,-481.87,31.0,-0.04,-0.79,49.97,191.5,35.09,59.15,29.54,-0.76,0,31.6,10.04

2018-07-01 00:14:15.410,1,406.92,29.29,52.9,106.8,407.44,33.09,33.09,0.0,59.04,-0.3,33.09,31.14,0.04,33.09,182.68,0,59.09,35.0,-0.79,0,29.1,33.0,0.03,53.79,0.0,0.0,4.18,27.25,33.0,29.1,10.1,0.0,43.09,131.52,53.79,35.4,34.79,406.92,0.03,54.5,0.02,110.8,163.0,29.55,54.5,113.19,0,29.63,0.0,0.99,31.1,54.9,1,-16.0,31.1,-481.87,31.0,-0.03,-0.79,49.97,193.19,35.09,59.15,29.54,-0.76,0,31.6,9.97

2018-07-01 00:14:22.778,1,407.44,29.29,53.2,100.4,407.61,33.09,33.09,0.0,59.04,-0.3,33.09,31.14,0.04,33.09,180.27,0,59.11,34.9,-0.79,0,29.2,33.0,0.02,54.09,0.0,0.0,4.61,27.25,33.0,29.0,10.44,0.0,43.2,168.27,54.0,35.4,34.79,406.58,0.03,54.59,-0.02,104.8,146.0,29.55,54.7,108.0,0,29.62,0.0,0.99,31.0,55.29,1,-16.0,31.1,-483.1,31.0,-0.04,-0.79,49.99,188.86,35.09,59.15,29.54,-0.76,0,31.6,9.95

2018-07-01 00:14:30.146,1,407.1,29.29,53.2,106.8,407.61,33.09,33.09,0.0,59.04,-0.3,33.09,31.14,0.04,33.09,190.37,0,59.1,34.9,-0.79,0,29.2,33.0,0.0,54.0,0.0,0.0,4.79,27.25,33.0,29.0,10.41,0.0,43.2,206.8,53.9,35.4,34.79,406.75,0.04,54.59,0.02,107.59,158.0,29.57,54.7,115.19,0,29.61,-0.01,1.0,31.0,55.29,1,-13.0,31.1,-481.87,31.0,-0.05,-0.79,50.0,192.9,35.09,59.18,29.54,-0.76,0,31.6,10.01

2018-07-01 00:14:37.511,1,406.92,29.29,52.79,141.19,407.96,33.09,33.09,0.0,59.04,-0.3,33.09,31.14,0.04,33.09,202.46,0,59.1,34.9,-0.79,0,29.2,33.0,0.01,54.0,0.0,0.0,4.9,27.34,33.0,29.1,11.54,0.0,43.2,197.65,54.0,35.4,34.79,406.92,0.03,54.7,0.03,144.0,202.0,29.59,54.59,147.19,0,29.6,0.0,0.99,31.1,55.29,1,-15.0,31.1,-481.87,31.0,-0.04,-0.79,50.0,199.0,35.09,59.17,29.54,-0.76,0,31.6,10.14

2018-07-01 00:14:44.879,1,407.79,29.29,53.29,182.39,408.13,33.09,33.09,0.0,59.04,-0.3,33.09,31.14,0.04,33.09,182.68,0,59.11,34.9,-0.79,0,29.1,33.0,0.04,53.9,0.0,0.0,5.31,27.34,33.0,29.1,12.06,0.0,43.09,256.72,54.0,35.4,34.79,407.1,0.04,54.59,0.02,185.6,255.0,29.59,54.59,188.8,0,29.61,-0.02,1.0,31.0,54.9,1,-16.0,31.1,-481.87,31.0,-0.04,-0.79,50.0,191.57,35.09,59.2,29.54,-0.76,0,31.6,10.25

2018-07-01 00:14:52.245,1,407.61,29.29,53.09,177.19,408.13,33.09,33.09,0.0,59.04,-0.3,33.09,31.14,0.04,33.09,185.32,0,59.11,34.9,-0.79,0,29.2,32.9,0.01,53.79,0.0,0.0,5.76,27.25,32.9,29.1,12.18,0.0,43.09,332.0,53.79,35.4,34.79,407.27,0.02,54.4,0.02,183.6,250.0,29.58,54.5,186.8,0,29.62,-0.01,1.0,31.0,54.79,1,-15.0,31.1,-481.87,31.0,-0.04,-0.79,50.0,192.04,35.09,59.18,29.55,-0.76,0,31.6,9.95

2018-07-01 00:14:59.610,1,407.27,29.29,53.09,151.6,407.61,33.09,33.09,0.0,59.04,-0.3,33.09,31.14,0.04,33.09,200.04,0,59.1,34.9,-0.79,0,29.2,33.0,0.01,53.79,0.0,0.0,5.06,27.34,33.0,29.1,12.79,0.0,43.2,215.17,54.0,35.29,34.79,406.58,0.02,54.7,0.02,156.39,216.0,29.55,54.59,162.0,0,29.63,0.0,1.0,31.0,54.79,1,-13.0,31.1,-481.87,31.0,-0.04,-0.79,50.0,198.46,35.09,59.17,29.54,-0.76,0,31.5,9.84

2018-07-01 00:15:06.976,1,407.61,29.29,53.2,141.19,407.61,33.09,33.2,0.0,59.05,-0.3,33.09,31.14,0.04,33.2,180.27,0,59.1,34.9,-0.79,0,29.1,33.0,0.01,53.79,0.0,0.0,5.08,27.25,33.0,29.1,13.42,0.0,43.09,215.17,53.9,35.4,34.79,407.1,0.02,54.79,-0.02,146.0,202.0,29.56,54.59,149.6,0,29.61,0.0,1.0,31.0,54.9,1,-16.0,31.1,-483.1,31.0,-0.04,-0.79,50.0,193.04,35.09,59.2,29.54,-0.76,0,31.5,9.86

2018-07-01 00:15:14.339,1,407.79,29.29,52.9,169.19,407.96,33.09,33.09,0.0,59.04,-0.3,33.09,31.14,0.04,33.09,187.52,0,59.12,34.9,-0.79,0,29.2,32.9,0.0,53.9,0.0,0.0,5.47,27.34,32.9,29.1,13.13,0.0,43.2,267.73,53.9,35.29,34.79,406.92,0.03,54.4,0.02,177.19,239.0,29.58,54.5,180.8,0,29.64,-0.01,1.0,31.0,55.09,1,-16.0,31.1,-481.87,31.0,-0.04,-0.79,50.0,193.37,35.09,59.17,29.54,-0.76,0,31.39,10.01

2018-07-01 00:15:21.708,1,407.79,29.29,53.2,164.0,407.79,33.09,33.2,0.0,59.04,-0.3,33.09,31.14,0.04,33.2,197.63,0,59.1,34.9,-0.79,0,29.2,33.0,0.02,53.79,0.0,0.0,4.7,27.34,33.0,29.1,12.76,0.0,43.09,185.35,53.7,35.4,34.79,406.41,0.01,54.59,0.02,168.8,231.0,29.57,54.5,173.19,0,29.63,0.0,1.0,31.0,54.79,1,-15.0,31.1,-481.87,31.0,-0.03,-0.79,50.0,192.12,35.09,59.15,29.54,-0.76,0,31.39,9.89

2018-07-01 00:15:29.075,1,406.92,29.29,52.59,149.19,407.96,33.09,33.2,0.0,59.04,-0.3,33.09,31.14,0.04,33.2,202.46,0,59.11,34.9,-0.79,0,29.1,33.0,0.03,53.79,0.0,0.0,5.32,27.25,33.0,29.0,13.01,0.0,43.2,256.72,53.79,35.4,34.79,406.92,0.05,54.29,0.02,153.19,211.0,29.55,54.59,158.8,0,29.64,0.0,1.0,31.1,55.09,1,-19.0,31.1,-481.87,31.0,-0.04,-0.79,49.97,195.96,35.09,59.15,29.54,-0.76,0,31.39,9.95

2018-07-01 00:15:36.436,1,407.27,29.29,53.2,157.6,408.3,33.09,33.2,0.0,59.04,-0.3,33.09,31.14,0.04,33.2,187.52,0,59.14,34.9,-0.79,0,29.2,33.0,0.01,54.0,0.0,0.0,5.25,27.25,33.0,29.0,13.43,0.0,43.09,221.54,54.0,35.4,34.79,407.27,0.0,54.5,0.02,164.8,228.0,29.58,54.5,165.19,0,29.6,-0.01,1.0,31.1,55.09,1,-13.0,31.1,-481.87,31.0,-0.04,-0.79,49.95,195.89,35.09,59.16,29.54,-0.76,0,31.39,9.95

2018-07-01 00:15:43.806,1,406.92,29.29,52.7,153.6,407.96,33.09,33.2,0.0,59.04,-0.3,33.09,31.14,0.04,33.2,189.94,0,59.13,34.9,-0.79,0,29.1,33.0,0.01,53.7,0.0,0.0,5.55,27.25,33.0,29.0,13.96,0.0,43.09,253.19,53.79,35.4,34.79,406.75,0.02,54.59,-0.23,156.39,219.0,29.57,54.4,164.0,0,29.62,-0.01,0.99,31.1,54.79,1,-16.0,31.1,-484.33,31.0,-0.04,-0.79,49.95,196.51,35.2,59.17,29.54,-0.76,0,31.39,9.97

2018-07-01 00:15:51.171,1,406.92,29.29,52.7,166.0,407.61,33.09,33.2,0.0,59.05,-0.3,33.09,31.14,0.04,33.2,192.57,0,59.11,35.0,-0.79,0,29.1,33.0,0.02,53.79,0.0,0.0,5.42,27.25,33.0,29.0,14.08,0.0,43.09,269.11,53.79,35.4,34.79,406.92,0.02,54.59,-0.17,171.19,241.0,29.59,54.4,176.39,0,29.63,-0.01,0.99,31.0,54.79,1,-12.0,31.1,-484.33,31.0,-0.04,-0.79,49.95,193.77,35.09,59.19,29.54,-0.76,0,31.39,10.03

2018-07-01 00:15:58.543,1,407.1,29.29,52.7,176.39,407.61,33.2,33.2,0.0,59.05,-0.3,33.2,31.14,0.04,33.2,162.69,0,59.11,34.9,-0.79,0,29.1,33.0,0.01,53.79,0.0,0.0,5.48,27.34,33.0,29.0,13.54,0.0,43.09,267.73,53.7,35.4,34.79,406.58,0.04,54.59,-0.14,181.6,253.0,29.56,54.5,184.8,0,29.63,-0.02,0.99,31.0,54.9,1,-15.0,31.1,-484.33,31.0,-0.04,-0.79,49.95,182.32,35.09,59.16,29.54,-0.76,0,31.39,9.95

2018-07-01 00:16:05.902,1,407.61,29.29,52.79,187.6,408.13,33.09,33.2,0.0,59.05,-0.3,33.09,31.14,0.04,33.2,177.63,0,59.11,34.9,-0.79,0,29.1,33.0,0.03,53.7,0.0,0.0,5.79,27.34,33.0,29.1,10.82,0.0,43.09,332.0,53.79,35.4,34.79,407.61,0.02,54.7,-0.1,192.8,265.0,29.59,54.4,198.39,0,29.64,-0.01,1.0,31.0,54.79,1,-18.0,31.1,-484.33,31.0,-0.04,-0.79,49.95,179.57,35.09,59.17,29.54,-0.76,0,31.39,10.14

2018-07-01 00:16:13.271,1,407.61,29.29,52.9,200.39,408.13,33.09,33.2,0.0,59.04,-0.3,33.09,31.14,0.04,33.2,175.21,0,59.12,35.0,-0.79,0,29.1,33.0,0.0,53.79,0.0,0.0,6.22,27.25,33.0,29.0,8.45,0.0,43.09,376.54,54.0,35.29,34.79,407.27,0.02,54.4,-0.07,206.39,275.0,29.59,54.59,208.8,0,29.6,-0.01,1.0,31.1,55.29,1,-16.0,31.1,-484.33,31.0,-0.04,-0.79,49.97,180.15,35.09,59.19,29.54,-0.76,0,31.5,10.27

2018-07-01 00:16:20.634,1,407.1,29.29,52.59,195.19,408.13,33.2,33.2,0.0,59.03,-0.3,33.2,31.14,0.04,33.2,155.44,0,59.13,35.0,-0.79,0,29.1,33.0,0.01,53.79,0.0,0.0,5.43,27.25,33.0,29.0,6.04,0.0,43.2,269.11,53.9,35.29,34.79,407.27,0.03,54.2,-0.05,201.19,271.0,29.55,54.5,207.6,0,29.61,-0.01,1.0,31.1,55.29,1,-13.0,31.1,-484.33,31.0,-0.03,-0.79,49.99,167.85,35.09,59.17,29.54,-0.76,0,31.5,10.23

2018-07-01 00:16:27.999,1,408.13,29.29,52.59,200.39,408.13,33.09,33.2,0.0,59.04,-0.3,33.09,31.14,0.04,33.2,180.27,0,59.1,35.0,-0.79,0,29.1,33.0,0.0,53.79,0.0,0.0,5.58,27.25,33.0,29.0,2.29,0.0,43.09,253.19,53.9,35.4,34.79,407.1,0.04,54.5,-0.04,206.39,276.0,29.58,54.5,207.6,0,29.6,-0.02,1.0,31.0,55.09,1,-18.0,31.1,-484.33,31.0,-0.04,-0.79,50.0,169.97,35.09,59.17,29.55,-0.76,0,31.5,10.36

2018-07-01 00:16:35.369,1,407.61,29.29,53.0,221.19,408.48,33.09,33.2,0.0,59.05,-0.3,33.09,31.04,0.04,33.2,192.79,0,59.13,35.0,-0.79,0,29.1,33.0,0.01,53.79,0.0,0.0,6.0,27.25,33.0,29.0,1.27,0.0,43.2,391.95,53.9,35.4,34.79,407.1,0.04,54.29,-0.02,224.8,297.0,29.56,54.5,228.39,0,29.64,0.0,1.0,31.0,55.09,1,-16.0,31.1,-484.33,31.0,-0.03,-0.79,50.02,182.1,35.09,59.17,29.54,-0.76,0,31.5,10.58

2018-07-01 00:16:42.735,1,407.27,29.29,53.09,226.39,408.48,33.2,33.2,0.0,59.04,-0.3,33.2,31.04,0.04,33.2,174.99,0,59.12,35.0,-0.79,0,29.1,33.0,0.0,53.79,0.0,0.0,5.8,27.14,33.0,29.0,1.44,0.0,43.2,332.0,53.9,35.29,34.79,407.27,0.02,54.29,-0.02,230.0,302.0,29.57,54.59,233.6,0,29.62,-0.01,1.0,31.0,55.09,1,-19.0,31.1,-484.33,31.0,-0.04,-0.79,50.02,182.55,35.09,59.16,29.54,-0.76,0,31.5,10.66

2018-07-01 00:16:50.100,1,407.96,29.29,52.5,226.39,408.3,33.2,33.2,0.0,59.03,-0.3,33.2,31.04,0.04,33.2,182.68,0,59.12,35.0,-0.79,0,29.1,33.0,0.03,53.79,0.0,0.0,6.34,27.25,33.0,29.1,1.35,0.01,43.09,426.04,53.79,35.29,34.79,407.61,0.02,54.5,-0.01,232.39,311.0,29.57,54.4,236.8,0,29.61,-0.02,1.0,31.0,55.09,1,-16.0,31.1,-484.33,31.0,-0.04,-0.79,50.0,180.86,35.09,59.2,29.54,-0.76,0,31.5,10.73

2018-07-01 00:16:57.466,1,407.96,29.29,52.5,238.8,408.48,33.2,33.2,0.0,59.04,-0.3,33.2,31.04,0.04,33.2,177.63,0,59.1,35.0,-0.79,0,29.1,33.0,0.01,53.7,0.0,0.0,6.19,27.25,33.0,29.0,1.16,0.0,43.09,376.54,53.9,35.29,34.79,407.27,0.02,54.5,-0.01,240.39,318.0,29.58,54.59,245.19,0,29.63,-0.02,1.0,31.0,55.2,1,-16.0,31.1,-484.33,31.0,-0.04,-0.79,49.97,183.38,35.09,59.16,29.54,-0.76,0,31.5,10.85

2018-07-01 00:17:04.833,1,407.61,29.29,52.5,235.6,408.3,33.09,33.2,0.0,59.03,-0.3,33.09,31.14,0.04,33.2,180.27,0,59.1,34.9,-0.79,0,29.1,33.0,0.01,53.79,0.0,0.0,5.72,27.25,33.0,29.0,1.69,0.0,43.09,323.45,53.7,35.29,34.79,407.27,0.01,54.59,0.0,241.6,319.0,29.58,54.5,243.19,0,29.63,-0.02,1.0,31.0,54.79,1,-18.0,31.1,-484.33,31.0,-0.04,-0.79,49.95,183.77,35.09,59.16,29.54,-0.76,0,31.5,10.81

2018-07-01 00:17:12.199,1,407.1,29.29,52.59,216.8,408.65,33.2,33.2,0.0,59.04,-0.31,33.2,31.14,0.04,33.2,172.8,0,59.11,35.0,-0.79,0,29.1,33.0,0.04,53.7,0.0,0.0,5.74,27.34,33.0,29.1,2.07,0.0,43.09,323.45,53.7,35.29,34.79,407.27,0.02,54.5,0.0,222.0,297.0,29.57,54.29,226.39,0,29.62,-0.02,1.0,31.0,54.59,1,-18.0,31.1,-484.33,31.0,-0.04,-0.79,49.95,182.17,35.09,59.17,29.54,-0.76,0,31.6,10.53

2018-07-01 00:17:19.565,1,407.79,29.29,52.5,199.19,408.13,33.2,33.2,0.0,59.03,-0.31,33.2,31.04,0.04,33.2,180.27,0,59.09,35.0,-0.79,0,29.1,33.0,0.02,53.79,0.0,0.0,5.33,27.34,33.0,29.0,1.77,0.0,43.09,256.72,53.7,35.29,34.79,407.27,0.03,54.59,0.0,203.19,277.0,29.55,54.5,207.6,0,29.64,-0.01,1.0,31.0,55.0,1,-15.0,31.1,-484.33,31.0,-0.04,-0.79,49.95,179.51,35.09,59.18,29.54,-0.76,0,31.6,10.25

2018-07-01 00:17:26.931,1,407.27,29.29,52.59,190.0,407.96,33.2,33.2,0.0,59.04,-0.3,33.2,31.14,0.04,33.2,185.32,0,59.14,35.0,-0.79,0,29.1,33.0,0.0,53.9,0.0,0.0,5.23,27.25,33.0,29.0,1.57,0.0,43.2,221.54,53.9,35.29,34.79,406.58,0.02,54.7,0.0,191.6,264.0,29.56,54.5,199.19,0,29.61,0.0,1.0,31.0,55.09,1,-15.0,31.1,-484.33,31.0,-0.03,-0.79,49.95,183.02,35.09,59.16,29.54,-0.76,0,31.6,10.14

2018-07-01 00:17:34.297,1,407.61,29.29,52.5,177.19,407.79,33.2,33.2,0.0,59.03,-0.3,33.2,31.04,0.04,33.2,175.21,0,59.11,34.9,-0.79,0,29.1,33.0,0.01,53.79,0.0,0.0,5.47,27.25,33.0,29.0,1.82,0.0,43.2,267.73,54.0,35.29,34.79,406.92,0.03,54.59,0.0,184.39,247.0,29.58,54.5,186.8,0,29.6,0.0,1.0,31.0,55.09,1,-18.0,31.1,-484.33,31.0,-0.03,-0.79,49.95,181.55,35.09,59.16,29.54,-0.76,0,31.6,9.93

2018-07-01 00:17:41.664,1,407.79,29.29,52.79,164.8,407.61,33.2,33.2,0.0,59.04,-0.3,33.2,31.14,0.04,33.2,172.8,0,59.11,35.0,-0.79,0,29.1,33.0,0.0,53.7,0.0,0.0,5.29,27.25,33.0,29.0,1.12,0.0,43.2,256.72,53.79,35.29,34.79,406.92,0.03,54.29,0.0,173.19,233.0,29.57,54.4,173.19,0,29.64,0.0,1.0,31.0,54.9,1,-15.0,31.1,-484.33,31.0,-0.04,-0.79,49.95,175.04,35.09,59.16,29.54,-0.76,0,31.5,9.86

2018-07-01 00:17:49.029,1,407.27,29.29,52.59,129.6,407.79,33.2,33.2,0.0,59.04,-0.3,33.2,31.14,0.04,33.2,182.68,0,59.14,35.0,-0.79,0,29.1,33.0,0.0,53.79,0.0,0.0,4.54,27.34,33.0,29.0,-0.56,0.0,43.09,166.87,53.7,35.29,34.79,406.75,0.04,54.5,0.0,132.8,186.0,29.59,54.5,136.8,0,29.63,-0.01,1.0,31.0,54.79,1,-13.0,31.1,-484.33,31.0,-0.04,-0.79,49.95,169.95,35.09,59.17,29.54,-0.76,0,31.5,9.84

2018-07-01 00:17:56.390,1,406.92,29.29,52.79,123.19,407.96,33.2,33.2,0.0,59.04,-0.3,33.2,31.14,0.04,33.2,177.41,0,59.13,35.0,-0.79,0,29.1,33.0,0.01,53.59,0.0,0.0,4.78,27.34,33.0,29.0,-1.68,0.0,43.2,206.8,53.9,35.29,34.79,406.92,0.04,54.29,0.0,126.4,177.0,29.57,54.4,129.6,0,29.63,-0.01,1.0,31.0,54.59,1,-15.0,31.1,-484.33,31.0,-0.04,-0.79,49.97,173.63,35.09,59.19,29.54,-0.76,0,31.5,9.88

2018-07-01 00:18:03.760,1,406.92,29.29,53.2,110.0,407.96,33.09,33.2,0.0,59.04,-0.3,33.09,31.14,0.04,33.2,170.16,0,59.12,35.0,-0.79,0,29.1,33.0,0.02,53.79,0.0,0.0,5.05,27.25,33.0,29.0,-2.72,0.0,43.2,215.17,53.79,35.29,34.79,406.75,0.03,54.5,0.0,118.0,167.0,29.56,54.4,119.19,0,29.64,-0.01,0.99,31.0,55.29,1,-18.0,31.1,-484.33,31.0,-0.05,-0.79,49.99,173.7,35.09,59.18,29.54,-0.76,0,31.5,9.99

2018-07-01 00:18:11.128,1,406.75,29.29,53.09,98.4,407.27,33.2,33.2,0.0,59.05,-0.3,33.2,31.14,0.04,33.2,162.91,0,59.11,35.0,-0.79,0,29.1,33.0,0.02,53.79,0.0,0.0,4.35,27.25,33.0,29.0,-3.86,0.0,43.09,156.9,53.79,35.29,34.79,406.75,0.02,54.59,0.0,103.59,152.0,29.59,54.5,106.0,0,29.62,-0.01,0.99,31.0,55.09,1,-18.0,31.1,-484.33,31.0,-0.04,-0.79,50.0,171.37,35.2,59.15,29.54,-0.76,0,31.5,9.82

2018-07-01 00:18:18.494,1,407.61,29.29,52.59,97.59,407.79,33.2,33.2,0.0,59.04,-0.3,33.2,31.14,0.04,33.2,177.63,0,59.1,34.9,-0.79,0,29.1,33.0,0.0,53.7,0.0,0.0,3.87,27.34,33.0,29.0,-4.72,0.0,43.09,118.33,53.79,35.29,34.79,407.27,0.05,54.29,0.0,99.59,146.0,29.57,54.29,106.0,0,29.6,0.0,1.0,31.0,54.9,1,-18.0,31.1,-484.33,31.0,-0.04,-0.79,50.02,172.63,35.09,59.19,29.54,-0.76,0,31.5,9.93

2018-07-01 00:18:25.859,1,407.96,29.29,52.5,129.6,407.79,33.2,33.2,0.0,59.03,-0.3,33.2,31.14,0.04,33.2,177.63,0,59.12,35.0,-0.79,0,29.1,33.0,0.0,53.59,0.0,0.0,4.43,27.34,33.0,29.0,-5.72,0.0,43.2,161.12,53.7,35.29,34.79,406.75,0.03,54.29,0.0,130.39,190.0,29.55,54.5,136.8,0,29.62,-0.01,1.0,31.0,54.79,1,-16.0,31.1,-484.33,31.0,-0.04,-0.79,50.02,168.16,35.09,59.15,29.54,-0.76,0,31.5,10.14

2018-07-01 00:18:33.225,1,407.96,29.29,53.0,178.39,408.13,33.09,33.2,0.0,59.04,-0.3,33.09,31.14,0.04,33.2,172.8,0,59.12,35.0,-0.79,0,29.1,33.0,0.01,53.79,0.0,0.0,4.93,27.34,33.0,29.0,-7.33,0.0,43.09,197.65,53.7,35.29,34.79,407.27,0.03,54.2,0.0,181.6,255.0,29.57,54.29,186.8,0,29.6,-0.01,1.0,31.0,54.9,1,-18.0,31.1,-484.33,31.0,-0.04,-0.79,50.02,166.12,35.09,59.17,29.54,-0.76,0,31.5,10.23

2018-07-01 00:18:40.589,1,407.61,29.29,52.5,194.0,408.3,33.09,33.2,0.0,59.04,-0.3,33.09,31.14,0.04,33.2,160.49,0,59.11,35.0,-0.79,0,29.1,33.0,0.0,53.7,0.0,0.0,5.45,27.25,33.0,29.0,-9.07,0.0,43.09,269.11,53.79,35.29,34.79,407.61,0.02,54.09,0.0,196.8,261.0,29.57,54.5,201.6,0,29.63,-0.01,0.99,31.0,54.9,1,-15.0,31.1,-484.33,31.0,-0.03,-0.79,50.0,166.8,35.09,59.19,29.54,-0.76,0,31.39,10.21

2018-07-01 00:18:47.958,1,407.79,29.29,53.0,198.0,408.48,33.09,33.2,0.0,59.04,-0.3,33.09,31.14,0.04,33.2,155.44,0,59.13,35.0,-0.79,0,29.1,33.0,0.0,53.79,0.0,0.0,5.12,27.25,33.0,29.0,-10.51,0.0,43.09,215.17,53.79,35.29,34.79,407.1,0.04,54.5,0.0,200.0,275.0,29.59,54.4,206.8,0,29.64,-0.01,1.0,31.0,55.2,1,-15.0,31.1,-484.33,31.0,-0.03,-0.79,50.0,159.83,35.09,59.15,29.54,-0.76,0,31.39,10.25

2018-07-01 00:18:55.324,1,407.79,29.29,52.5,220.0,408.48,33.2,33.2,0.0,59.04,-0.3,33.2,31.14,0.04,33.2,167.74,0,59.11,34.9,-0.79,0,29.1,33.0,0.01,53.79,0.0,0.0,5.68,27.25,33.0,29.0,-12.21,0.0,43.09,323.45,53.7,35.29,34.79,407.61,0.01,54.29,0.0,222.8,296.0,29.55,54.29,227.6,0,29.64,-0.01,1.0,31.0,54.7,1,-15.0,31.1,-484.33,31.0,-0.04,-0.79,50.0,161.91,35.09,59.16,29.54,-0.76,0,31.5,10.62

2018-07-01 00:19:02.690,1,408.3,29.29,52.29,249.19,408.13,33.09,33.2,0.0,59.04,-0.3,33.09,31.14,0.04,33.2,157.63,0,59.09,34.9,-0.79,0,29.1,33.0,0.0,53.7,0.0,0.0,5.96,27.14,33.0,29.0,-13.57,0.0,43.09,391.95,53.7,35.29,34.79,407.27,0.01,54.09,0.0,254.0,336.0,29.58,54.5,259.6,0,29.6,0.0,1.0,31.0,54.59,1,-16.0,31.1,-484.33,31.0,-0.03,-0.79,49.95,157.93,35.09,59.15,29.54,-0.76,0,31.5,11.03

2018-07-01 00:19:10.055,1,408.13,29.29,52.59,270.0,408.65,33.09,33.2,0.0,59.05,-0.3,33.09,31.14,0.04,33.2,165.11,0,59.12,34.9,-0.79,0,29.1,33.0,0.02,53.79,0.0,0.0,6.36,27.25,33.0,29.0,-14.96,0.0,43.09,449.58,53.79,35.29,34.79,408.13,0.03,54.29,-0.04,272.79,363.0,29.56,54.29,280.39,0,29.62,-0.01,1.0,31.0,54.79,1,-18.0,31.1,-485.56,31.0,-0.04,-0.79,49.95,160.96,35.09,59.16,29.54,-0.76,0,31.39,11.31

2018-07-01 00:19:17.418,1,407.96,29.29,52.29,278.0,408.82,33.09,33.2,0.0,59.04,-0.3,33.09,31.14,0.04,33.2,152.8,0,59.1,35.0,-0.79,0,29.1,32.9,0.01,53.79,0.0,0.0,5.75,27.25,32.9,29.0,-15.8,0.0,43.09,332.0,53.59,35.29,34.79,407.96,0.03,54.09,0.0,281.2,372.0,29.56,54.4,287.6,0,29.6,-0.01,1.0,31.1,54.5,1,-15.0,31.1,-484.33,31.0,-0.05,-0.79,49.95,165.11,35.09,59.17,29.55,-0.76,0,31.39,11.33

2018-07-01 00:19:24.788,1,408.13,29.29,52.9,272.0,408.65,33.09,33.2,0.0,59.04,-0.3,33.09,31.14,0.04,33.2,132.8,0,59.11,35.0,-0.79,0,29.1,33.0,0.01,53.7,0.0,0.0,5.52,27.25,33.0,29.0,-15.84,0.0,43.09,267.73,53.79,35.29,34.79,407.27,0.04,54.29,0.0,276.0,359.0,29.55,54.5,280.39,0,29.63,0.0,1.0,31.0,55.09,1,-18.0,31.1,-484.33,31.0,-0.04,-0.79,49.95,158.68,35.09,59.18,29.54,-0.76,0,31.39,11.35

2018-07-01 00:19:32.154,1,407.79,29.29,53.2,244.0,408.82,33.09,33.2,0.0,59.04,-0.3,33.09,31.14,0.04,33.2,157.63,0,59.11,35.0,-0.79,0,29.1,33.0,0.0,53.79,0.0,0.0,5.45,27.14,33.0,29.0,-16.57,0.0,43.09,269.11,53.7,35.29,34.79,407.96,0.03,54.5,0.0,250.8,336.0,29.57,54.29,255.6,0,29.6,-0.01,1.0,31.0,55.0,1,-16.0,31.1,-484.33,31.0,-0.04,-0.79,49.95,157.04,35.09,59.17,29.54,-0.76,0,31.39,10.96

2018-07-01 00:19:39.520,1,407.61,29.29,52.5,221.19,408.3,33.09,33.2,0.0,59.04,-0.3,33.09,31.14,0.04,33.2,162.91,0,59.11,35.0,-0.79,0,29.1,33.0,0.0,53.79,0.0,0.0,5.29,27.14,33.0,29.0,-17.33,0.0,43.09,256.72,53.7,35.29,34.79,407.27,0.03,54.2,0.0,227.19,299.0,29.57,54.29,229.6,0,29.64,0.0,1.0,31.1,54.59,1,-18.0,31.1,-484.33,31.0,-0.04,-0.79,49.95,163.5,35.09,59.18,29.54,-0.76,0,31.39,10.57

2018-07-01 00:19:46.886,1,407.44,29.29,52.59,200.39,408.65,33.09,33.2,0.0,59.03,-0.3,33.09,31.04,0.04,33.2,175.21,0,59.13,35.0,-0.79,0,29.1,33.0,0.02,53.59,0.0,0.0,5.34,27.25,33.0,29.0,-16.77,0.0,43.09,256.72,53.7,35.29,34.79,407.1,0.01,54.59,0.0,204.39,278.0,29.56,54.29,210.8,0,29.64,0.0,1.0,31.0,54.79,1,-18.0,31.1,-484.33,31.0,-0.04,-0.79,49.95,171.48,35.09,59.18,29.54,-0.76,0,31.39,10.27

2018-07-01 00:19:54.252,1,407.96,29.29,52.5,183.6,408.3,33.09,33.2,0.0,59.04,-0.3,33.09,31.14,0.04,33.2,182.46,0,59.13,35.0,-0.79,0,29.1,33.0,0.01,53.59,0.0,0.0,5.24,27.25,33.0,29.0,-15.84,0.0,43.09,221.54,53.79,35.29,34.79,407.27,0.03,54.2,0.0,190.8,259.0,29.58,54.5,195.19,0,29.64,-0.01,1.0,31.0,54.79,1,-15.0,31.1,-484.33,31.0,-0.04,-0.79,49.97,168.78,35.09,59.19,29.54,-0.76,0,31.39,10.12

2018-07-01 00:20:01.618,1,407.79,29.29,53.0,159.6,408.13,33.2,33.29,0.0,59.04,-0.3,33.2,31.14,0.04,33.29,170.16,0,59.12,34.9,-0.79,0,29.1,33.0,0.02,53.79,0.0,0.0,5.05,27.25,33.0,29.0,-14.18,0.0,43.09,215.17,53.79,35.29,34.79,407.44,0.04,54.09,0.0,164.8,223.0,29.58,54.5,170.39,0,29.61,-0.01,1.0,31.0,55.09,1,-12.0,31.1,-484.33,31.0,-0.03,-0.79,50.0,170.49,35.09,59.15,29.54,-0.76,0,31.39,9.84

2018-07-01 00:20:09.048,1,407.79,29.29,52.79,143.19,408.3,33.2,33.2,0.0,59.04,-0.3,33.2,31.14,0.04,33.2,177.63,0,59.14,35.0,-0.79,0,29.1,33.0,0.01,53.7,0.0,0.0,4.52,27.34,33.0,29.0,-13.2,0.0,43.2,166.87,53.79,35.29,34.79,406.92,0.04,54.29,0.0,143.19,201.0,29.58,54.5,150.39,0,29.61,-0.01,0.99,31.0,55.09,1,-18.0,31.1,-484.33,31.0,-0.04,-0.79,50.02,171.67,35.09,59.16,29.54,-0.76,0,31.39,9.82

2018-07-01 00:20:16.410,1,407.79,29.29,53.0,158.8,408.3,33.2,33.29,0.0,59.04,-0.3,33.2,31.14,0.04,33.29,157.63,0,59.1,34.9,-0.79,0,29.1,33.0,0.03,53.7,0.0,0.0,4.59,27.25,33.0,29.0,-13.11,0.0,43.09,168.27,53.79,35.29,34.79,407.1,0.02,54.29,0.04,159.6,226.0,29.56,54.4,165.19,0,29.61,0.0,0.99,31.1,55.09,1,-16.0,31.1,-483.1,31.0,-0.04,-0.79,50.02,166.23,35.09,59.17,29.54,-0.76,0,31.39,10.03

2018-07-01 00:20:23.776,1,407.79,29.2,53.0,155.6,408.13,33.2,33.29,0.0,59.04,-0.3,33.2,31.14,0.04,33.29,172.8,0,59.11,34.9,-0.79,0,29.1,33.0,0.0,53.59,0.0,0.0,4.86,27.25,33.0,29.0,-13.16,0.0,43.09,197.65,53.59,35.29,34.79,406.75,0.02,54.5,0.0,159.6,218.0,29.57,54.29,165.19,0,29.61,-0.01,0.99,31.1,54.59,1,-16.0,31.1,-484.33,31.0,-0.04,-0.79,50.02,166.5,35.09,59.16,29.54,-0.76,0,31.39,9.97

2018-07-01 00:20:31.142,1,407.61,29.29,52.5,171.19,408.3,33.2,33.2,0.0,59.04,-0.3,33.2,31.14,0.04,33.2,189.94,0,59.1,35.0,-0.79,0,29.1,33.0,0.0,53.59,0.0,0.0,4.61,27.14,33.0,29.0,-12.71,0.0,43.0,168.27,53.79,35.29,34.79,407.44,0.01,54.4,0.0,176.39,241.0,29.56,54.4,178.39,0,29.6,-0.01,0.99,31.0,55.09,1,-19.0,31.1,-484.33,31.0,-0.03,-0.79,50.02,177.59,35.09,59.18,29.54,-0.76,0,31.39,9.99

2018-07-01 00:20:38.528,1,405.2,29.29,52.5,153.6,405.37,33.2,33.2,0.0,59.02,-0.3,33.2,31.04,0.04,33.2,204.88,0,59.12,35.0,-0.79,0,29.1,33.0,0.01,53.7,0.0,0.0,5.13,27.34,33.0,29.0,-9.16,0.01,43.09,220.34,53.79,35.29,34.79,404.51,0.03,54.2,0.0,157.6,217.0,29.58,54.5,164.0,0,29.62,0.0,1.0,31.0,54.9,1,-13.0,31.1,-484.33,31.0,-0.04,-0.79,50.02,191.99,35.09,59.17,29.54,-0.76,0,31.5,9.84

2018-07-01 00:20:45.935,1,404.85,29.29,52.59,141.19,405.89,33.2,33.2,0.0,59.04,-0.3,33.2,31.04,0.04,33.2,185.32,0,59.1,35.0,-0.79,0,29.1,33.0,0.02,53.59,0.0,0.0,4.85,27.25,33.0,29.0,-4.08,0.01,43.09,206.8,53.7,35.29,34.79,405.02,0.04,54.09,0.0,140.8,197.0,29.58,54.5,144.39,0,29.61,0.0,1.0,31.0,55.09,1,-16.0,31.1,-484.33,31.0,-0.04,-0.79,50.0,198.64,35.09,59.16,29.54,-0.76,0,31.5,9.86

2018-07-01 00:20:53.304,1,405.54,29.29,52.5,190.0,405.54,33.2,33.2,0.0,59.05,-0.3,33.2,31.04,0.04,33.2,189.94,0,59.12,34.9,-0.79,0,29.1,33.0,0.01,53.5,0.0,0.0,5.54,27.25,33.0,29.0,-0.22,0.0,43.09,267.73,53.79,35.29,34.79,405.02,0.04,54.09,0.0,194.0,257.0,29.56,54.5,196.39,0,29.61,-0.01,1.0,31.1,54.9,1,-15.0,31.1,-484.33,31.0,-0.04,-0.79,49.97,192.44,35.09,59.18,29.54,-0.76,0,31.39,10.12

2018-07-01 00:21:00.686,1,405.72,29.29,52.5,202.39,405.89,33.09,33.2,0.0,59.04,-0.3,33.09,31.04,0.04,33.2,192.79,0,59.11,35.0,-0.79,0,29.1,33.0,0.0,53.5,0.0,0.0,5.92,27.25,33.0,29.0,1.49,0.0,43.09,350.1,53.7,35.29,34.79,404.85,0.01,54.5,0.0,206.39,271.0,29.57,54.29,212.0,0,29.61,0.0,1.0,31.1,54.79,1,-15.0,31.1,-484.33,31.0,-0.03,-0.79,49.95,182.9,35.09,59.19,29.54,-0.76,0,31.39,10.31

2018-07-01 00:21:08.059,1,405.72,29.29,53.09,208.39,405.72,33.2,33.2,0.0,59.04,-0.3,33.2,31.04,0.04,33.2,185.32,0,59.14,35.0,-0.79,0,29.1,33.0,0.01,53.59,0.0,0.0,5.62,27.14,33.0,29.0,1.53,0.0,43.09,253.19,53.7,35.29,34.79,405.02,0.03,54.0,0.0,212.39,282.0,29.57,54.29,216.0,0,29.61,0.0,1.0,31.0,54.9,1,-15.0,31.1,-484.33,31.0,-0.04,-0.79,49.95,180.19,35.09,59.18,29.54,-0.76,0,31.39,10.32

2018-07-01 00:21:15.437,1,405.02,29.29,53.0,200.39,406.41,33.09,33.2,0.0,59.04,-0.3,33.09,30.95,0.04,33.2,175.21,0,59.1,35.0,-0.79,0,29.1,33.0,0.0,53.59,0.0,0.0,5.35,27.25,33.0,29.0,1.5,0.0,43.09,256.72,53.59,35.29,34.79,405.37,0.03,54.09,-0.05,207.19,275.0,29.56,54.2,209.6,0,29.64,-0.01,1.0,31.0,54.59,1,-13.0,31.1,-485.56,31.0,-0.03,-0.79,49.95,178.41,35.09,59.16,29.54,-0.76,0,31.29,10.29

2018-07-01 00:21:22.804,1,405.72,29.29,53.09,201.19,405.72,33.09,33.2,0.0,59.06,-0.3,33.09,31.04,0.04,33.2,175.21,0,59.12,35.0,-0.79,0,29.1,33.0,0.0,53.59,0.0,0.0,5.42,27.25,33.0,29.0,0.47,0.0,43.09,269.11,53.59,35.29,34.79,404.85,0.05,54.09,0.0,206.39,273.0,29.57,54.29,208.8,0,29.62,0.0,1.0,31.0,54.59,1,-15.0,31.1,-484.33,31.0,-0.03,-0.79,49.95,175.16,35.09,59.17,29.54,-0.76,0,31.29,10.29

2018-07-01 00:21:30.214,1,405.2,29.2,52.29,202.39,406.06,33.09,33.2,0.0,59.04,-0.3,33.09,31.04,0.04,33.2,182.68,0,59.12,34.9,-0.79,0,29.1,33.0,0.03,53.59,0.0,0.0,5.16,27.14,33.0,29.0,-0.66,0.0,43.09,221.54,53.59,35.29,34.79,404.85,0.04,54.5,0.0,207.19,277.0,29.57,54.29,209.6,0,29.61,-0.01,1.0,31.0,54.59,1,-15.0,31.1,-484.33,31.0,-0.04,-0.79,49.95,173.71,35.09,59.2,29.54,-0.76,0,31.29,10.32

2018-07-01 00:21:37.602,1,405.37,29.29,52.29,204.39,405.72,33.09,33.2,0.0,59.05,-0.3,33.09,31.04,0.04,33.2,172.8,0,59.13,35.0,-0.79,0,29.1,33.0,0.02,53.7,0.0,0.0,4.95,27.25,33.0,29.0,-2.58,0.0,43.09,197.65,53.59,35.29,34.79,404.68,0.03,54.4,0.0,206.39,277.0,29.58,54.2,209.6,0,29.62,-0.01,1.0,31.0,54.59,1,-16.0,31.1,-484.33,31.0,-0.04,-0.79,49.95,167.33,35.09,59.18,29.54,-0.76,0,31.29,10.25

2018-07-01 00:21:44.963,1,405.54,29.29,52.59,200.39,405.89,33.09,33.2,0.0,59.05,-0.3,33.09,31.14,0.04,33.2,170.16,0,59.12,35.0,-0.79,0,29.1,33.0,0.0,53.59,0.0,0.0,5.12,27.25,33.0,29.0,-4.2,0.0,43.09,220.34,53.7,35.29,34.79,404.85,0.03,54.0,0.0,201.19,273.0,29.58,54.2,205.6,0,29.63,-0.01,1.0,31.1,54.5,1,-13.0,31.1,-484.33,31.0,-0.04,-0.79,49.97,170.71,35.09,59.16,29.54,-0.76,0,31.29,10.31

2018-07-01 00:21:52.348,1,405.02,29.2,52.79,196.0,405.54,33.09,33.2,0.0,59.03,-0.3,33.09,31.04,0.04,33.2,171.04,0,59.11,35.0,-0.79,0,29.1,33.0,0.0,53.7,0.0,0.0,5.33,27.25,33.0,29.0,-4.74,0.0,43.09,256.72,53.5,35.29,34.79,405.02,0.04,54.09,0.04,203.19,270.0,29.58,54.29,203.6,0,29.61,-0.02,1.0,31.0,54.7,1,-12.0,31.1,-483.1,31.0,-0.04,-0.79,49.99,176.32,35.2,59.17,29.54,-0.76,0,31.29,10.29

2018-07-01 00:21:59.714,1,405.37,29.2,53.0,188.8,405.72,33.2,33.2,0.0,59.04,-0.3,33.2,31.04,0.04,33.2,209.49,0,59.13,34.9,-0.79,0,29.1,33.0,0.0,53.7,0.0,0.0,4.94,27.25,33.0,29.0,-4.17,0.0,43.09,197.65,53.59,35.29,34.79,405.2,0.02,54.09,0.0,194.0,262.0,29.59,54.29,196.39,0,29.64,-0.02,1.0,31.1,54.79,1,-15.0,31.1,-484.33,31.0,-0.04,-0.79,49.97,179.51,35.09,59.19,29.54,-0.76,0,31.29,10.17

2018-07-01 00:22:07.101,1,405.54,29.2,53.0,186.8,405.54,33.09,33.2,0.0,59.04,-0.3,33.09,31.14,0.04,33.2,185.1,0,59.13,35.0,-0.79,0,29.1,33.0,0.02,53.59,0.0,0.0,4.93,27.25,33.0,29.0,-2.7,0.0,43.09,197.65,53.59,35.29,34.79,405.02,0.01,54.4,0.0,189.6,256.0,29.57,54.4,192.0,0,29.63,-0.01,1.0,31.0,54.9,1,-18.0,31.1,-484.33,31.0,-0.04,-0.79,49.97,186.2,35.09,59.15,29.54,-0.76,0,31.39,10.14

2018-07-01 00:22:14.488,1,405.54,29.2,53.0,180.39,406.06,33.2,33.2,0.0,59.05,-0.3,33.2,31.14,0.04,33.2,177.63,0,59.13,35.0,-0.79,0,29.1,33.0,0.01,53.59,0.0,0.0,5.47,27.25,33.0,29.0,-0.34,0.0,43.09,267.73,53.59,35.29,34.79,405.37,0.02,54.5,0.0,183.6,247.0,29.56,54.4,186.8,0,29.6,-0.01,1.0,31.0,55.09,1,-15.0,31.1,-484.33,31.0,-0.04,-0.79,49.95,189.19,35.2,59.18,29.54,-0.76,0,31.39,10.04

2018-07-01 00:22:21.853,1,405.89,29.29,52.4,175.19,405.72,33.09,33.2,0.0,59.04,-0.3,33.09,31.14,0.04,33.2,175.21,0,59.11,35.0,-0.79,0,29.1,33.0,0.0,53.59,0.0,0.0,5.6,27.25,33.0,29.0,1.5,0.0,43.09,253.19,53.59,35.29,34.79,404.85,0.02,54.09,0.0,177.19,246.0,29.59,54.2,182.8,0,29.64,0.0,1.0,31.1,54.5,1,-16.0,31.1,-484.33,31.0,-0.03,-0.79,49.97,187.6,35.09,59.16,29.54,-0.76,0,31.39,9.95

2018-07-01 00:22:29.239,1,405.54,29.2,53.0,167.19,405.54,33.2,33.2,0.0,59.04,-0.3,33.2,31.14,0.04,33.2,175.21,0,59.12,35.0,-0.79,0,29.1,33.0,0.01,53.59,0.0,0.0,5.22,27.25,33.0,29.0,2.3,0.0,43.09,221.54,53.79,35.29,34.79,404.85,0.04,54.5,0.0,170.0,233.0,29.59,54.29,175.6,0,29.6,0.0,1.0,31.1,54.9,1,-13.0,31.1,-484.33,31.0,-0.04,-0.79,49.97,181.23,35.09,59.17,29.53,-0.76,0,31.39,9.97

2018-07-01 00:22:36.612,1,405.37,29.2,52.59,146.39,405.72,33.2,33.2,0.0,59.04,-0.3,33.2,31.04,0.04,33.2,173.89,0,59.13,35.0,-0.79,0,29.1,33.0,0.01,53.5,0.0,0.0,5.36,27.25,33.0,29.0,1.79,0.0,43.09,269.11,53.7,35.29,34.79,405.2,0.02,54.09,0.09,152.39,206.0,29.58,54.4,155.6,0,29.61,-0.01,0.99,31.1,55.0,1,-15.0,31.1,-481.87,31.0,-0.04,-0.79,49.97,181.4,35.09,59.16,29.54,-0.76,0,31.39,9.84

2018-07-01 00:22:43.972,1,405.02,29.2,52.79,130.8,406.06,33.2,33.2,0.0,59.03,-0.3,33.2,31.14,0.04,33.2,177.63,0,59.12,35.0,-0.79,0,29.1,33.0,0.02,53.7,0.0,0.0,4.72,27.25,33.0,29.0,1.57,0.0,43.09,185.35,53.79,35.29,34.79,405.02,0.03,54.29,0.0,131.6,186.0,29.56,54.29,136.0,0,29.63,-0.01,1.0,31.0,55.09,1,-15.0,31.1,-484.33,31.0,-0.03,-0.79,49.99,182.17,35.09,59.2,29.54,-0.76,0,31.39,9.78

2018-07-01 00:22:51.357,1,405.2,29.2,52.79,115.19,405.89,33.2,33.2,0.0,59.03,-0.3,33.2,31.14,0.04,33.2,152.8,0,59.11,35.0,-0.79,0,29.1,33.0,0.02,53.59,0.0,0.0,4.36,27.34,33.0,29.0,1.68,0.0,43.09,161.12,53.7,35.29,34.79,404.85,0.03,54.2,0.0,121.19,171.0,29.57,54.29,121.59,0,29.65,-0.01,0.99,31.0,54.9,1,-16.0,31.1,-484.33,31.0,-0.04,-0.79,50.0,179.1,35.09,59.18,29.54,-0.76,0,31.39,9.86

2018-07-01 00:22:58.723,1,405.72,29.2,52.9,115.19,405.72,33.2,33.2,0.0,59.03,-0.3,33.2,31.14,0.04,33.2,175.21,0,59.1,35.0,-0.79,0,29.1,33.0,0.0,53.59,0.0,0.0,4.44,27.25,33.0,29.0,0.53,0.0,43.09,161.12,53.59,35.29,34.79,404.68,0.03,54.4,0.0,120.0,168.0,29.56,54.09,123.59,0,29.63,0.0,1.0,31.1,54.79,1,-16.0,31.1,-484.33,31.0,-0.03,-0.79,50.0,176.71,35.09,59.18,29.54,-0.76,0,31.5,9.97

2018-07-01 00:23:06.130,1,405.54,29.2,52.29,125.59,406.23,33.2,33.2,0.0,59.06,-0.3,33.2,31.14,0.04,33.2,182.68,0,59.12,35.0,-0.79,0,29.1,33.0,0.02,53.59,0.0,0.0,4.45,27.25,33.0,29.0,-0.35,0.0,43.09,161.12,53.59,35.29,34.79,404.51,0.03,54.29,0.0,129.6,180.0,29.58,54.29,130.8,0,29.61,-0.01,1.0,31.1,54.59,1,-16.0,31.1,-484.33,31.0,-0.04,-0.79,50.0,174.81,35.2,59.15,29.54,-0.76,0,31.5,9.93

2018-07-01 00:23:13.515,1,405.54,29.2,52.29,123.19,405.89,33.2,33.2,0.0,59.04,-0.3,33.2,31.04,0.04,33.2,172.8,0,59.14,35.0,-0.79,0,29.1,33.0,0.0,53.5,0.0,0.0,4.62,27.34,33.0,29.0,-1.03,0.0,43.09,168.27,53.59,35.29,34.79,404.68,0.04,54.29,-0.05,126.4,179.0,29.56,54.2,130.8,0,29.6,-0.01,1.0,31.1,54.7,1,-15.0,31.1,-485.56,31.0,-0.04,-0.79,49.99,178.02,35.2,59.18,29.54,-0.76,0,31.39,9.99

2018-07-01 00:23:21.001,1,405.2,29.2,52.9,130.8,406.41,33.09,33.2,0.0,59.03,-0.3,33.09,31.14,0.04,33.2,167.74,0,59.12,35.0,-0.79,0,29.1,33.0,0.02,53.5,0.0,0.0,4.59,27.14,33.0,29.0,-1.2,0.0,43.09,168.27,53.59,35.29,34.79,404.85,0.03,54.09,0.0,134.8,182.0,29.57,54.29,136.8,0,29.62,-0.01,1.0,31.1,55.09,1,-15.0,31.1,-484.33,31.0,-0.04,-0.79,49.99,176.42,35.09,59.16,29.54,-0.76,0,31.39,9.95

2018-07-01 00:23:28.364,1,405.89,29.2,52.4,164.0,406.06,33.09,33.2,0.0,59.04,-0.3,33.09,31.14,0.04,33.2,177.63,0,59.14,35.0,-0.79,0,29.1,33.0,0.0,53.59,0.0,0.0,4.54,27.25,33.0,29.0,-1.76,0.0,43.09,166.87,53.79,35.29,34.79,405.37,0.02,54.0,0.0,168.8,232.0,29.55,54.29,174.39,0,29.61,-0.01,1.0,31.1,55.09,1,-15.0,31.1,-484.33,31.0,-0.04,-0.79,49.97,175.32,35.09,59.16,29.54,-0.76,0,31.39,10.23

2018-07-01 00:23:35.732,1,405.37,29.2,53.0,169.19,406.06,33.2,33.2,0.0,59.04,-0.3,33.2,31.04,0.04,33.2,180.27,0,59.13,35.0,-0.79,0,29.1,33.0,0.01,53.5,0.0,0.0,4.77,27.14,33.0,29.0,-2.66,0.0,43.09,206.8,53.59,35.29,34.79,404.68,0.01,54.2,0.0,171.19,230.0,29.57,54.09,173.19,0,29.61,-0.02,1.0,31.0,55.0,1,-16.0,31.1,-484.33,31.0,-0.04,-0.79,49.97,171.76,35.09,59.16,29.54,-0.76,0,31.39,9.93

2018-07-01 00:23:43.098,1,405.2,29.2,52.59,128.39,405.89,33.09,33.2,0.0,59.04,-0.3,33.09,31.14,0.04,33.2,189.94,0,59.11,35.0,-0.79,0,29.1,33.0,0.01,53.59,0.0,0.0,4.61,27.25,33.0,29.0,-3.3,0.0,43.09,168.27,53.59,35.29,34.79,405.02,0.03,54.29,0.0,132.8,186.0,29.56,54.09,136.8,0,29.6,-0.01,1.0,31.1,54.59,1,-15.0,31.1,-484.33,31.0,-0.04,-0.79,49.97,179.64,35.09,59.2,29.54,-0.76,0,31.5,9.82

2018-07-01 00:23:50.463,1,405.02,29.2,52.5,125.59,405.89,33.09,33.2,0.0,59.04,-0.3,33.09,31.04,0.04,33.2,160.27,0,59.14,35.0,-0.79,0,29.1,33.0,0.0,53.5,0.0,0.0,4.5,27.34,33.0,29.0,-1.86,0.0,43.09,166.87,53.59,35.29,34.79,405.02,0.02,54.29,0.0,128.39,185.0,29.55,54.09,131.6,0,29.63,0.0,1.0,31.1,54.59,1,-18.0,31.1,-484.33,31.0,-0.03,-0.79,49.97,180.96,35.09,59.19,29.54,-0.76,0,31.5,9.88

2018-07-01 00:23:57.912,1,405.2,29.2,52.5,117.19,405.89,33.09,33.2,0.0,59.04,-0.3,33.09,31.14,0.04,33.2,186.42,0,59.13,35.0,-0.79,0,29.1,33.0,0.01,53.5,0.0,0.0,4.87,27.25,33.0,29.0,-2.33,0.0,43.09,197.65,53.59,35.29,34.79,405.2,0.04,54.09,0.0,121.19,168.0,29.59,54.29,124.4,0,29.62,-0.01,0.99,31.1,54.59,1,-15.0,31.1,-484.33,31.0,-0.04,-0.79,49.97,170.33,35.09,59.19,29.54,-0.76,0,31.39,9.93

2018-07-01 00:24:05.278,1,405.37,29.2,52.29,99.59,405.72,33.2,33.2,0.0,59.04,-0.3,33.2,31.04,0.04,33.2,150.38,0,59.11,35.0,-0.79,0,29.1,33.0,0.01,53.5,0.0,0.0,4.4,27.25,33.0,29.0,-3.41,0.0,43.09,161.12,53.7,35.29,34.79,404.85,0.03,54.2,0.0,102.4,152.0,29.59,54.29,106.8,0,29.62,-0.01,0.99,31.1,54.5,1,-15.0,31.1,-484.33,31.0,-0.04,-0.79,50.0,168.88,35.09,59.16,29.54,-0.76,0,31.39,9.95

2018-07-01 00:24:12.643,1,405.89,29.2,52.79,93.19,405.89,33.09,33.2,0.0,59.03,-0.3,33.09,31.14,0.04,33.2,172.8,0,59.14,35.0,-0.79,0,29.1,33.0,0.02,53.5,0.0,0.0,4.27,27.34,33.0,29.0,-5.18,0.0,43.09,156.9,53.5,35.29,34.79,405.02,0.03,54.09,0.0,97.19,141.0,29.55,54.09,98.4,0,29.65,0.0,1.0,31.0,54.59,1,-15.0,31.1,-484.33,31.0,-0.04,-0.79,50.02,174.97,35.09,59.16,29.54,-0.76,0,31.5,9.93

2018-07-01 00:24:20.009,1,405.37,29.2,52.59,131.6,405.89,33.09,33.2,0.0,59.04,-0.3,33.09,31.14,0.04,33.2,150.38,0,59.13,35.0,-0.79,0,29.1,33.0,0.02,53.5,0.0,0.0,4.97,27.34,33.0,29.0,-6.39,0.0,43.09,208.44,53.59,35.29,34.79,405.02,0.01,54.09,0.04,136.8,194.0,29.58,54.2,140.0,0,29.61,-0.01,1.0,31.0,54.59,1,-15.0,31.1,-483.1,31.0,-0.04,-0.79,50.02,160.32,35.09,59.19,29.54,-0.76,0,31.5,10.12

2018-07-01 00:24:27.376,1,406.23,29.2,52.29,182.39,406.75,33.09,33.2,0.0,59.04,-0.3,33.09,31.14,0.04,33.2,157.63,0,59.14,35.0,-0.79,0,29.1,33.0,0.0,53.4,0.0,0.0,5.47,27.34,33.0,29.0,-8.52,0.0,43.09,267.73,53.5,35.29,34.79,405.54,0.04,54.29,0.0,185.6,247.0,29.57,54.09,190.0,0,29.61,-0.01,1.0,31.0,54.5,1,-15.0,31.1,-484.33,31.0,-0.04,-0.79,50.02,163.75,35.09,59.15,29.54,-0.76,0,31.5,10.23

